[Form_World].LT_4;The faction changed the ventilation status in the territory of %s location %s
[Form_World].FilterHint_6;Biological hazard
[Form_ZonaMenu].FT_11;, there is a ventilation control panel
[Form_ZonaMenu].FHint9;The presence of a lethal level of biological hazard
[Form_ZonaMenu].BTNHint9;Manage ventilation status
[Form_PsyControl].TitleText;Actions with ventilation
[Form_PsyControl].LT_2;Ventilation status: %s
[Form_PsyControl].LT_3;You can turn the ventilation on and off. The cost is %s CR. Keep in mind that hazardous air can affect not only this area but also neighboring ones. Be prepared for unpredictable changes!
[Form_PsyControl].FT_1;You cannot turn the ventilation on or off. Be aware that hazardous air can affect not only this area but also others. Be careful!
[Form_PsyControl].FT_2;Turned off
[Form_PsyControl].FT_3;Turned on
[Buttons].BTN_PsyControl.Text;Ventilation
[Advisors.Advisor-Mutants-1].Name;Unknown
[Advisors.Advisor-Stalkers-1].Name;Unknown
[Advisors.Advisor-Bandits-1].Name;Unknown
[Advisors.Advisor-Mercenaries-1].Name;Unknown
[Advisors.Advisor-Zombie-1].Name;Unknown
[Advisors.Advisor-Mutants-KolRazum].Name;Collective mind
[Advisors.Advisor-Stalkers-Azot].Name;Nitro
[Advisors.Advisor-Stalkers-Senka].Name;Senka
[Advisors.Advisor-Stalkers-Boroda].Name;Beard
[Advisors.Advisor-Stalkers-Vano].Name;Vano
[Advisors.Advisor-Stalkers-Vobla].Name;Tuna
[Advisors.Advisor-Stalkers-Gavaec].Name;Hawaiian
[Advisors.Advisor-Stalkers-Garmata].Name;Garmata
[Advisors.Advisor-Stalkers-Gluhar].Name;Grouse
[Advisors.Advisor-Stalkers-Gonta].Name;Gonta
[Advisors.Advisor-Stalkers-Greben].Name;Crest
[Advisors.Advisor-Stalkers-Zveroboy].Name;Trapper
[Advisors.Advisor-Stalkers-Zulus].Name;Zulu
[Advisors.Advisor-Stalkers-Kardan].Name;Cardan
[Advisors.Advisor-Stalkers-Koryaga].Name;Snag
[Advisors.Advisor-Stalkers-Kostropav].Name;Bonesetter
[Advisors.Advisor-Stalkers-Krab].Name;Crab
[Advisors.Advisor-Stalkers-Kuvalda].Name;Sledgehammer
[Advisors.Advisor-Stalkers-Locman].Name;Pilot
[Advisors.Advisor-Stalkers-Medved].Name;Bear
[Advisors.Advisor-Stalkers-Mityai].Name;Mitay
[Advisors.Advisor-Stalkers-Noy].Name;Noah
[Advisors.Advisor-Stalkers-Petruha].Name;Petruha
[Advisors.Advisor-Stalkers-Spartak].Name;Spartacus
[Advisors.Advisor-Stalkers-Sych].Name;Owl
[Advisors.Advisor-Stalkers-Torba].Name;Torba
[Advisors.Advisor-Stalkers-Tremor].Name;Tremor
[Advisors.Advisor-Stalkers-Shilo].Name;Awl
[Advisors.Advisor-Bandits-Valet].Name;Jack
[Advisors.Advisor-Bandits-Gnom].Name;Gnome
[Advisors.Advisor-Bandits-Kastet].Name;Knuckles
[Advisors.Advisor-Bandits-Sultan].Name;Sultan
[Advisors.Advisor-Bandits-Shishak].Name;Shishak
[Advisors.Advisor-Bandits-Babtist].Name;Baptist
[Advisors.Advisor-76].Name;Hook
[Advisors.Advisor-77].Name;Hatchet
[Advisors.Advisor-78].Name;Vulture
[Advisors.Advisor-79].Name;Lawn
[Advisors.Advisor-80].Name;Corpse
[Advisors.Advisor-81].Name;Oak
[Advisors.Advisor-82].Name;Stake
[Advisors.Advisor-83].Name;Pianist
[Advisors.Advisor-84].Name;Surgeon
[Advisors.Advisor-85].Name;Kirzach
[Advisors.Advisor-86].Name;Koschei
[Advisors.Advisor-87].Name;Goblin
[Advisors.Advisor-88].Name;Skull
[Advisors.Advisor-89].Name;Doublet
[Advisors.Advisor-90].Name;Ridge
[Advisors.Advisor-91].Name;Tank
[Advisors.Advisor-92].Name;Black
[Advisors.Advisor-93].Name;Snout
[Advisors.Advisor-94].Name;Serbin
[Advisors.Advisor-Zombie-Kontroler].Name;Controller
[Achievements.Achiv-1].Name;Crime-Free Zone!
[Achievements.Achiv-1].Desc;New achievement unlocked! Take control of all of Skadovsk as Free Stalkers on Master difficulty within 5 turns from the start of the game and hold it for 1 turn.
[Achievements.Achiv-1].Desc-Logo;Take control of all of Skadovsk as Free Stalkers on Master difficulty within 5 turns from the start of the game and hold it for 1 turn.
[Achievements.Achiv-2].Name;Bandit Skadovsk!
[Achievements.Achiv-2].Desc;New achievement unlocked! Take control of all of Skadovsk as Bandits on Master difficulty within 5 turns from the start of the game and hold it for 1 turn.
[Achievements.Achiv-2].Desc-Logo;Take control of all of Skadovsk as Bandits on Master difficulty within 5 turns from the start of the game and hold it for 1 turn.
[Achievements.Achiv-3].Name;Stalker's Beard!
[Achievements.Achiv-3].Desc;New achievement unlocked! Capture the Zaton location for the Free Stalkers faction and hold it for 1 turn on Veteran difficulty or higher.
[Achievements.Achiv-3].Desc-Logo;Capture the Zaton location for the Free Stalkers faction and hold it for 1 turn on Veteran difficulty or higher.
[Achievements.Achiv-4].Name;Zaton Sultanate!
[Achievements.Achiv-4].Desc;New achievement unlocked! Capture the Zaton location for the Bandits faction and hold it for 1 turn on Veteran difficulty or higher.
[Achievements.Achiv-4].Desc-Logo;Capture the Zaton location for the Bandits faction and hold it for 1 turn on Veteran difficulty or higher.
[Achievements.Achiv-5].Name;Skadovsk Skies!
[Achievements.Achiv-5].Desc;New achievement unlocked! Adopt the Stability ideology for the Free Stalkers faction on Experienced difficulty or higher and hold out for 1 turn.
[Achievements.Achiv-5].Desc-Logo;Adopt the Stability ideology for the Free Stalkers faction on Experienced difficulty or higher and hold out for 1 turn.
[Achievements.Achiv-6].Name;Third Force!
[Achievements.Achiv-6].Desc;New achievement unlocked! Adopt the Mercenary ideology for the Free Stalkers faction on Experienced difficulty or higher and hold out for 1 turn.
[Achievements.Achiv-6].Desc-Logo;Adopt the Mercenary ideology for the Free Stalkers faction on Experienced difficulty or higher and hold out for 1 turn.
[Traders.World].Name;The Outside World
[Traders.World].NeedText;Establishing contact with the outside world is not always possible. 50% chance. Cost to attempt contact:
[Traders.YourGroup].Name;Your Faction's Trader
[Traders.YourGroup].NeedText;You can always trade with your faction's trader. Cost:
[Traders.OtherGroup].Name;Other Faction's Trader
[Traders.OtherGroup].NeedText;To trade with other factions, first select their territory on the map.
[Traders.Trader1].Name;Beard
[Traders.Trader1].NeedText;You can trade with him only if you control the Stalker Skadovsk territory in Zaton. Cost:
[Traders.Trader2].Name;Owl
[Traders.Trader2].NeedText;You can trade with him only if you control the Stalker Skadovsk territory in Zaton. Cost:
[Traders.Trader4].Name;Agile
[Traders.Trader4].NeedText;You can trade with him only if you control the Stalker Skadovsk territory in Zaton. Cost:
[StoryEvents.Event-NewWay].Name;Degtyarev's Group in the Underground
[StoryEvents.Event-NewWay].Desc-Owner;We received intel that Degtyarev and a group of stalkers descended into the Pripyat Overpass.
[StoryEvents.Event-NewWay].Desc-NonOwner;We received intel that Degtyarev and a group of stalkers descended into the Pripyat Overpass.
[StoryEvents.Event-LeaveMerc-RemoveUnit-1].Name;Technical Event 1
[StoryEvents.Event-LeaveMerc-RemoveUnit-1].Desc-Owner;Technical event visible only in debug mode.
[StoryEvents.Event-LeaveMerc-RemoveUnit-1].Desc-NonOwner;Technical event visible only in debug mode.
[StoryEvents.Event-LeaveMerc-RemoveUnit-2].Name;Technical Event 2
[StoryEvents.Event-LeaveMerc-RemoveUnit-2].Desc-Owner;Technical event visible only in debug mode.
[StoryEvents.Event-LeaveMerc-RemoveUnit-2].Desc-NonOwner;Technical event visible only in debug mode.
[StoryEvents.Event-LeaveMerc-ChangeOwner-1].Name;Kruk's Group Leaves Zaton
[StoryEvents.Event-LeaveMerc-ChangeOwner-1].Desc-Owner;If the player sees this line in-game, it's a bug in event Event-LeaveMerc-ChangeOwner-1.
[StoryEvents.Event-LeaveMerc-ChangeOwner-1].Desc-NonOwner;Scouts report that a mercenary group has left the %0:s territory in the %1:s location and headed in an unknown direction...
[StoryEvents.Event-LeaveMerc-ChangeOwner-2].Name;Tesak's Group Leaves Zaton
[StoryEvents.Event-LeaveMerc-ChangeOwner-2].Desc-Owner;If the player sees this line in-game, it's a bug in event Event-LeaveMerc-ChangeOwner-2.
[StoryEvents.Event-LeaveMerc-ChangeOwner-2].Desc-NonOwner;Scouts report that a mercenary group has left the %0:s territory in the %1:s location and headed in an unknown direction...
[StoryEvents.Event-LeaveMerc-AddUnit-1].Name;Technical Event 3
[StoryEvents.Event-LeaveMerc-AddUnit-1].Desc-Owner;Technical event visible only in debug mode.
[StoryEvents.Event-LeaveMerc-AddUnit-1].Desc-NonOwner;Technical event visible only in debug mode.
[StoryEvents.Event-LeaveMerc-AddUnit-2].Name;Technical Event 4
[StoryEvents.Event-LeaveMerc-AddUnit-2].Desc-Owner;Technical event visible only in debug mode.
[StoryEvents.Event-LeaveMerc-AddUnit-2].Desc-NonOwner;Technical event visible only in debug mode.
[StoryEvents.Event-150].Name;Degtyarev Appears in Zaton
[StoryEvents.Event-150].Desc-Owner;Stalker Degtyarev has been spotted in our %0:s territory at %1:s. Our garrison let him pass.
[StoryEvents.Event-150].Desc-NonOwner;Rumors say that Stalker Degtyarev was spotted in the %0:s territory at %1:s.
[StoryEvents.Event-151].Name;Degtyarev Attacks the Territory Garrison
[StoryEvents.Event-151].Desc-Owner;Damn it! Some stalker started a fight in the %0:s territory at %1:s! Our losses:
[StoryEvents.Event-151].Desc-NonOwner;Rumors say that an unknown stalker engaged in combat in the %0:s territory at %1:s.
[StoryEvents.Event-152].Name;Degtyarev Talks to Kardan
[StoryEvents.Event-152].Desc-Owner;Stalker Degtyarev has been spotted in our %0:s territory at %1:s. Our garrison let him pass.
[StoryEvents.Event-152].Desc-NonOwner;Rumors say that Stalker Degtyarev was spotted in the %0:s territory at %1:s.
[StoryEvents.Event-153].Name;Degtyarev Attacks the Territory Garrison
[StoryEvents.Event-153].Desc-Owner;Damn it! Some stalker started a fight in the %0:s territory at %1:s! Our losses:
[StoryEvents.Event-153].Desc-NonOwner;Rumors say that an unknown stalker engaged in combat in the %0:s territory at %1:s.
[StoryEvents.Event-154].Name;Degtyarev Continues His Path
[StoryEvents.Event-154].Desc-Owner;Stalker Degtyarev has been spotted in our %0:s territory at %1:s. Our garrison let him pass.
[StoryEvents.Event-154].Desc-NonOwner;Rumors say that Stalker Degtyarev was spotted in the %0:s territory at %1:s.
[StoryEvents.Event-155].Name;Degtyarev Attacks the Territory Garrison
[StoryEvents.Event-155].Desc-Owner;Damn it! Some stalker started a fight in the %0:s territory at %1:s! Our losses:
[StoryEvents.Event-155].Desc-NonOwner;Rumors say that an unknown stalker engaged in combat in the %0:s territory at %1:s.
[StoryEvents.Event-156].Name;Degtyarev Continues His Path
[StoryEvents.Event-156].Desc-Owner;Stalker Degtyarev has been spotted in our %0:s territory at %1:s. Our garrison let him pass.
[StoryEvents.Event-156].Desc-NonOwner;Rumors say that Stalker Degtyarev was spotted in the %0:s territory at %1:s.
[StoryEvents.Event-157].Name;Degtyarev Attacks the Territory Garrison
[StoryEvents.Event-157].Desc-Owner;Damn it! Some stalker started a fight in the %0:s territory at %1:s! Our losses:
[StoryEvents.Event-157].Desc-NonOwner;Rumors say that an unknown stalker engaged in combat in the %0:s territory at %1:s.
[StoryEvents.Event-158].Name;Degtyarev Continues His Path
[StoryEvents.Event-158].Desc-Owner;Stalker Degtyarev has been spotted in our %0:s territory at %1:s. Our garrison let him pass.
[StoryEvents.Event-158].Desc-NonOwner;Rumors say that Stalker Degtyarev was spotted in the %0:s territory at %1:s.
[StoryEvents.Event-159].Name;Degtyarev Attacks the Territory Garrison
[StoryEvents.Event-159].Desc-Owner;Damn it! Some stalker started a fight in the %0:s territory at %1:s! Our losses:
[StoryEvents.Event-159].Desc-NonOwner;Rumors say that an unknown stalker engaged in combat in the %0:s territory at %1:s.
[StoryEvents.Event-160].Name;Degtyarev Continues His Path
[StoryEvents.Event-160].Desc-Owner;Stalker Degtyarev has been spotted in our %0:s territory at %1:s. Our garrison let him pass.
[StoryEvents.Event-160].Desc-NonOwner;Rumors say that Stalker Degtyarev was spotted in the %0:s territory at %1:s.
[StoryEvents.Event-161].Name;Degtyarev Attacks the Territory Garrison
[StoryEvents.Event-161].Desc-Owner;Damn it! Some stalker started a fight in the %0:s territory at %1:s! Our losses:
[StoryEvents.Event-161].Desc-NonOwner;Rumors say that an unknown stalker engaged in combat in the %0:s territory at %1:s.
[StoryEvents.Event-162].Name;Degtyarev Continues His Path
[StoryEvents.Event-162].Desc-Owner;Stalker Degtyarev has been spotted in our %0:s territory at %1:s. Our garrison let him pass.
[StoryEvents.Event-162].Desc-NonOwner;Rumors say that Stalker Degtyarev was spotted in the %0:s territory at %1:s.
[StoryEvents.Event-163].Name;Degtyarev Attacks the Territory Garrison
[StoryEvents.Event-163].Desc-Owner;Damn it! Some stalker started a fight in the %0:s territory at %1:s! Our losses:
[StoryEvents.Event-163].Desc-NonOwner;Rumors say that an unknown stalker engaged in combat in the %0:s territory at %1:s.
[StoryEvents.Event-164].Name;Degtyarev Continues His Path
[StoryEvents.Event-164].Desc-Owner;Stalker Degtyarev has been spotted in our %0:s territory at %1:s. Our garrison let him pass.
[StoryEvents.Event-164].Desc-NonOwner;Rumors say that Stalker Degtyarev was spotted in the %0:s territory at %1:s.
[StoryEvents.Event-165].Name;Degtyarev Attacks the Territory Garrison
[StoryEvents.Event-165].Desc-Owner;Damn it! Some stalker started a fight in the %0:s territory at %1:s! Our losses:
[StoryEvents.Event-165].Desc-NonOwner;Rumors say that an unknown stalker engaged in combat in the %0:s territory at %1:s.
[StoryEvents.Event-166].Name;Degtyarev in the Workshop Laboratory
[StoryEvents.Event-166].Desc-Owner;Stalker Degtyarev has been spotted in our %0:s territory at %1:s. Our garrison let him pass.
[StoryEvents.Event-166].Desc-NonOwner;Rumors say that Stalker Degtyarev was spotted in the %0:s territory at %1:s.
[StoryEvents.Event-167].Name;Degtyarev Attacks the Territory Garrison
[StoryEvents.Event-167].Desc-Owner;Damn it! Some stalker started a fight in the %0:s territory at %1:s! Our losses:
[StoryEvents.Event-167].Desc-NonOwner;Rumors say that an unknown stalker engaged in combat in the %0:s territory at %1:s.
[StoryEvents.Event-168].Name;Degtyarev Continues His Path
[StoryEvents.Event-168].Desc-Owner;Stalker Degtyarev has been spotted in our %0:s territory at %1:s. Our garrison let him pass.
[StoryEvents.Event-168].Desc-NonOwner;Rumors say that Stalker Degtyarev was spotted in the %0:s territory at %1:s.
[StoryEvents.Event-169].Name;Degtyarev Attacks the Territory Garrison
[StoryEvents.Event-169].Desc-Owner;Damn it! Some stalker started a fight in the %0:s territory at %1:s! Our losses:
[StoryEvents.Event-169].Desc-NonOwner;Rumors say that an unknown stalker engaged in combat in the %0:s territory at %1:s.
[StoryEvents.Event-170].Name;Degtyarev Continues His Path
[StoryEvents.Event-170].Desc-Owner;Stalker Degtyarev has been spotted in our %0:s territory at %1:s. Our garrison let him pass.
[StoryEvents.Event-170].Desc-NonOwner;Rumors say that Stalker Degtyarev was spotted in the %0:s territory at %1:s.
[StoryEvents.Event-171].Name;Degtyarev Attacks the Territory Garrison
[StoryEvents.Event-171].Desc-Owner;Damn it! Some stalker started a fight in the %0:s territory at %1:s! Our losses:
[StoryEvents.Event-171].Desc-NonOwner;Rumors say that an unknown stalker engaged in combat in the %0:s territory at %1:s.
[StoryEvents.Event-172].Name;Degtyarev Continues His Path
[StoryEvents.Event-172].Desc-Owner;Stalker Degtyarev has been spotted in our %0:s territory at %1:s. Our garrison let him pass.
[StoryEvents.Event-172].Desc-NonOwner;Rumors say that Stalker Degtyarev was spotted in the %0:s territory at %1:s.
[StoryEvents.Event-173].Name;Degtyarev Attacks the Territory Garrison
[StoryEvents.Event-173].Desc-Owner;Damn it! Some stalker started a fight in the %0:s territory at %1:s! Our losses:
[StoryEvents.Event-173].Desc-NonOwner;Rumors say that an unknown stalker engaged in combat in the %0:s territory at %1:s.
[StoryEvents.Event-174].Name;Degtyarev Continues His Path
[StoryEvents.Event-174].Desc-Owner;Stalker Degtyarev has been spotted in our %0:s territory at %1:s. Our garrison let him pass.
[StoryEvents.Event-174].Desc-NonOwner;Rumors say that Stalker Degtyarev was spotted in the %0:s territory at %1:s.
[StoryEvents.Event-175].Name;Degtyarev Attacks the Territory Garrison
[StoryEvents.Event-175].Desc-Owner;Damn it! Some stalker started a fight in the %0:s territory at %1:s! Our losses:
[StoryEvents.Event-175].Desc-NonOwner;Rumors say that an unknown stalker engaged in combat in the %0:s territory at %1:s.
[StoryEvents.Event-176].Name;Degtyarev Continues His Path
[StoryEvents.Event-176].Desc-Owner;Stalker Degtyarev has been spotted in our %0:s territory at %1:s. Our garrison let him pass.
[StoryEvents.Event-176].Desc-NonOwner;Rumors say that Stalker Degtyarev was spotted in the %0:s territory at %1:s.
[StoryEvents.Event-177].Name;Degtyarev Attacks the Territory Garrison
[StoryEvents.Event-177].Desc-Owner;Damn it! Some stalker started a fight in the %0:s territory at %1:s! Our losses:
[StoryEvents.Event-177].Desc-NonOwner;Rumors say that an unknown stalker engaged in combat in the %0:s territory at %1:s.
[StoryEvents.Event-178].Name;Degtyarev Continues His Path
[StoryEvents.Event-178].Desc-Owner;Stalker Degtyarev has been spotted in our %0:s territory at %1:s. Our garrison let him pass.
[StoryEvents.Event-178].Desc-NonOwner;Rumors say that Stalker Degtyarev was spotted in the %0:s territory at %1:s.
[StoryEvents.Event-179].Name;Degtyarev Attacks the Territory Garrison
[StoryEvents.Event-179].Desc-Owner;Damn it! Some stalker started a fight in the %0:s territory at %1:s! Our losses:
[StoryEvents.Event-179].Desc-NonOwner;Rumors say that an unknown stalker engaged in combat in the %0:s territory at %1:s.
[StoryEvents.Event-180].Name;Degtyarev at Kardan's
[StoryEvents.Event-180].Desc-Owner;Stalker Degtyarev has been spotted in our %0:s territory at %1:s. Our garrison let him pass.
[StoryEvents.Event-180].Desc-NonOwner;Rumors say that Stalker Degtyarev was spotted in the %0:s territory at %1:s.
[StoryEvents.Event-181].Name;Degtyarev Attacks the Territory Garrison
[StoryEvents.Event-181].Desc-Owner;Damn it! Some stalker started a fight in the %0:s territory at %1:s! Our losses:
[StoryEvents.Event-181].Desc-NonOwner;Rumors say that an unknown stalker engaged in combat in the %0:s territory at %1:s.
[StoryEvents.Event-238].Name;Evacuation
[StoryEvents.Event-238].Desc-Owner;Soldiers report that Degtyarev and a group of military personnel evacuated from Pripyat by helicopter!
[StoryEvents.Event-238].Desc-NonOwner;Soldiers report that Degtyarev and a group of military personnel evacuated from Pripyat by helicopter!
ScenarioName;Battle for Zaton. Call of Pripyat
ScenarioDescription;A lore-friendly scenario where events take place shortly after Degtyarev leaves Zaton. You have about 40 turns. You must capture the entire location before Degtyarev descends into the Overpass. Faction diplomacy closely follows canon.
ScenarioVictoryDescription;Victory conditions: Capture all territories on the map and hold them for 1 turn.
ScenarioLoseDescription;Defeat conditions: Lose all controlled territories or fail to achieve victory within approximately 40 turns.
[Groups.bandits.:main].Spy1-Name;Rookie
[Groups.bandits.:main].Spy2-Name;Experienced
[Groups.bandits.:main].Spy3-Name;Veteran
[Groups.bandits.:main].Spy4-Name;Master
[Groups.bandits.:main].Name;Bandits
[Groups.bandits.:main].Description;Bandits - the criminal element of the Zone. They control significant territories scattered across the map. They lack proper weaponry and a large number of seasoned fighters. The faction needs to reorganize, both internally and externally, and decide on a priority location to begin their expansion.
[Groups.bandits.:main].DiplomacyText-Question-War;Well, sucker, reached your limit? Draw your piece! The boys are already rolling your way!
[Groups.bandits.:main].DiplomacyText-Question-Neutral;Hey, bro, chill out, yeah? Time to stop shooting at each other, alright?
[Groups.bandits.:main].DiplomacyText-Question-Alliance;Hey, bro, wanna team up? You know... shoot some guys together... That kind of thing.. M? Deal?
[Groups.bandits.:main].DiplomacyText-Question-BreakAlliance;Nah, you sucker, you're a real clown now. From now on, everyone's on their own!
[Groups.bandits.:main].DiplomacyText-RequestMoney-Ask;Hey, listen up, bro, got any spare change? We need this much:
[Groups.bandits.:main].DiplomacyText-Ans-0-Down;Who do you think you're messing with? Tough guy, you're dead meat, get it?!
[Groups.bandits.:main].DiplomacyText-Ans-1-Down;Well, that's just not cool, man...
[Groups.bandits.:main].DiplomacyText-Ans-1-No;Find it, or we'll cut you into ribbons!
[Groups.bandits.:main].DiplomacyText-Ans-1-Yes;Listen, we won't touch you, I swear on my life!
[Groups.bandits.:main].DiplomacyText-Ans-2-No;Nah, nah, that's not it at all, you're talking nonsense!
[Groups.bandits.:main].DiplomacyText-Ans-2-Yes;Hold tight, bro, everything's gonna be sweet...
[Groups.bandits.:main].DiplomacyText-RequestMoney-Ans-No;Did you hit your head? Where would we get that kind of cash! We could use it ourselves...
[Groups.bandits.:main].DiplomacyText-RequestMoney-Ans-Yes;Bro, here's the cash!
[Groups.bandits.:main].DiplomacyText-Question-Neutral-No;Bro, that's a real shame! Shouldn't have done that...
[Groups.bandits.:main].DiplomacyText-Question-Neutral-Yes;Nice one, bro, glad to hear it! Good job...
[Groups.bandits.:main].DiplomacyText-Question-Alliance-No;Bro, that's a real shame! Shouldn't have done that...
[Groups.bandits.:main].DiplomacyText-Question-Alliance-Yes;Oh, bro, great! Now we'll be shooting suckers together!
[Groups.bandits.:main].Text-End-Step-Victory;You survived! Victory!
[Groups.bandits.:main].Text-End-EventFlag-Victory;Victory by event flag!
[Groups.bandits.:main].Text-End-Standart-Lose;The faction has been completely wiped out. Other factions will now divide the Zone. Defeat!
[Groups.bandits.:main].Text-End-Step-Lose;Time's up. You failed to gain control of the Zone. Defeat!
[Groups.bandits.:main].Text-End-EventFlag-Lose;Defeat by event flag!
[Groups.bandits.Anarchy].Text-End-Standart-Victory;Victory! Soon, the faction behaved less and less like it originally did. Yes, crime remained, but it decreased. The leadership pushed an ideology closer to what the "Freedom" faction promoted, while the lower ranks were slow to adopt these new ideals, as old methods like robbery and looting seemed simpler and more understandable. The faction fractured right before our eyes. Every new day brought fresh insubordination from individual squads. A new conflict in the Zone is imminent...
[Groups.bandits.AntiZone].Text-End-Standart-Victory;Victory! Soon, the faction behaved less and less like it originally did. Crime significantly decreased. The leadership pushed an anti-Zone agenda more and more. Yes, many realized there was no one left to rob, everyone was "one of us," and they agreed in principle, but since the faction included real criminals, separate groups formed that robbed those very "allies." Local skirmishes erupted everywhere. The Zone was once again one step away from a massive war of all against all...
[Groups.bandits.Control].Text-End-Standart-Victory;Victory! Soon, the faction behaved less and less like it originally did. Crime significantly decreased. A strict hierarchy was enforced. The situation was best described as a "Penal Battalion." Rumors spread among members that the leadership had bowed to state forces. Many accepted this, but some "bosses" and "captains" disagreed with the new order. A new large-scale conflict was brewing, but this time within the faction itself...
[Groups.bandits.Crime].Text-End-Standart-Victory;"Victory! The Zone became a criminal quasi-state. It started living "by the rules". Soon, there was no one left to rob, and the faction drowned in infighting. Instead of hunting monsters and collecting artifacts, Bandits started shooting each other..."
[Groups.bandits.Crime].Text-End-Standart-Lose;The last bandit caught a bullet. There's no place left for the criminal world in the Zone... Defeat!
[Groups.bandits.Crime].Text-End-Step-Lose;"Time's up. The boys say you're no "boss" material... Defeat!"
[Groups.bandits.Exploring].Text-End-Standart-Victory;Victory! The faction controls the entire territory. There's no one left to rob. Looting will soon be pointless too... The leadership actively shifts to lucrative government contracts. Scientists making anomaly measurements under the close guard of local "brothers" can now often be seen in the Zone. Yesterday's bandits are now doing what they once considered too dirty for themselves - hunting artifacts, collecting mutant parts, and taking strange measurements with equally strange devices. Not everyone liked it, so separate groups formed, attacking "their own." They tried to fight back actively, but more and more "dissidents" appeared, as not many found themselves in the new reality of studying the Zone...
[Groups.bandits.Growth].Text-End-Standart-Victory;"Victory! The Zone became a criminal quasi-state. It started living "by the rules". Soon, there was no one left to rob, and the faction drowned in infighting. Instead of hunting monsters and collecting artifacts, Bandits started shooting each other..."
[Groups.bandits.Growth].Text-End-Standart-Lose;The last bandit caught a bullet. There's no place left for the criminal world in the Zone... Defeat!
[Groups.bandits.Growth].Text-End-Step-Lose;"Time's up. The boys say you're no "boss" material... Defeat!"
[Groups.bandits.Mercenary].Text-End-Standart-Victory;Victory! The faction controls the entire territory. There's no one left to rob. Looting will soon be pointless too... The leadership actively shifts to lucrative contracts from the outside world. However, the focus was on more criminal contracts, so Scientists guarded by local fighters were rarely seen, significantly hindering Zone research. The government plans several military operations to regain control of key Zone facilities. Soon, the "War in the Zone" will resume...
[Groups.bandits.Sectarianism].Text-End-Standart-Victory;Victory! But despite controlling all territories, actual control over forces was lacking. Chaos reigned everywhere. Strange speeches from the leadership, bizarre behavior of everyone in the northern Zone, newly reactivated psi-emitters... All this alarmed those in the south. The south began arming itself and forming its own hierarchy with commanders. A new stage of the "War in the Zone" is imminent...
[Groups.bandits.Stability].Text-End-Standart-Victory;Victory! The faction controls the entire territory. There's no one left to rob. Looting will soon be pointless too... The leadership actively seeks new ways to profit. Fighters were divided into subgroups. Some for artifact hunting, others for mutant part collection, and a third group used as mercenaries for external contracts. But some didn't fit into any "peaceful" trade. Soon, the first conflicts and ensuing battles began. The faction's internal hierarchy was stormy, and how it would all end remains unknown...
[Groups.bandits.Stalkers].Text-End-Standart-Victory;Victory! Soon, the faction behaved less and less like it originally did. Crime truly decreased. Pay your share - and you can walk and collect artifacts. No one should interfere. And if they do, they'll be found. Quickly found. But if they have patrons in the leadership, they'll just be verbally warned. So, soon, separate groups with their own leaders formed within the faction, pulling it toward an armed internal conflict...
[Groups.bandits.Unknow].Text-End-Standart-Victory;"Victory! The Zone became a criminal quasi-state. It started living "by the rules". Soon, there was no one left to rob, and the faction drowned in infighting. Instead of hunting monsters and collecting artifacts, Bandits started shooting each other..."
[Groups.bandits.Unknow].Text-End-Standart-Lose;The last bandit caught a bullet. There's no place left for the criminal world in the Zone... Defeat!
[Groups.bandits.Unknow].Text-End-Step-Lose;"Time's up. The boys say you're no "boss" material... Defeat!"
[Groups.bandits.Zombie].Text-End-Standart-Victory;Victory! C-Consciousness is now safe. Soon, psi-emission covered the entire Zone thanks to an increased number of emitters. Even the Cordon became dangerous. While the government didn't release mutants from the Zone, it no longer tried to reclaim it...
[Groups.Mercenaries.:main].Spy1-Name;Rookie
[Groups.Mercenaries.:main].Spy2-Name;Experienced
[Groups.Mercenaries.:main].Spy3-Name;Veteran
[Groups.Mercenaries.:main].Spy4-Name;Master
[Groups.Mercenaries.:main].Name;Mercenaries
[Groups.Mercenaries.:main].Description;Mercenaries - a secretive militarized faction specializing in fulfilling contracts from both within and outside the Zone. They control two territories in Zaton. Fighters are well-armed, but not as effective against large mutant hordes as one might hope.
[Groups.Mercenaries.:main].DiplomacyText-Question-War;A contract has been placed on you. Nothing personal. Just business.
[Groups.Mercenaries.:main].DiplomacyText-Question-Neutral;This war benefits neither of us. How about a truce?
[Groups.Mercenaries.:main].DiplomacyText-Question-Alliance;Closer cooperation with you would be mutually beneficial. Agreed?
[Groups.Mercenaries.:main].DiplomacyText-Question-BreakAlliance;We will no longer cooperate with you.
[Groups.Mercenaries.:main].DiplomacyText-RequestMoney-Ask;We've had a few hiccups with some contracts. We need financial assistance in this amount:
[Groups.Mercenaries.:main].DiplomacyText-Ans-0-Down;We'll do no more business with you!
[Groups.Mercenaries.:main].DiplomacyText-Ans-1-Down;Regrettable. You're missing out on your own profit.
[Groups.Mercenaries.:main].DiplomacyText-Ans-1-No;It's not profitable for us right now.
[Groups.Mercenaries.:main].DiplomacyText-Ans-1-Yes;Alright. We hope for a mutually beneficial partnership.
[Groups.Mercenaries.:main].DiplomacyText-Ans-2-No;It's not profitable for us at the moment.
[Groups.Mercenaries.:main].DiplomacyText-Ans-2-Yes;OK. That works for us.
[Groups.Mercenaries.:main].DiplomacyText-RequestMoney-Ans-No;We don't have many contract bonuses right now, so we can't help.
[Groups.Mercenaries.:main].DiplomacyText-RequestMoney-Ans-Yes;Fine. Transferred.
[Groups.Mercenaries.:main].DiplomacyText-Question-Neutral-No;Declined? So be it.
[Groups.Mercenaries.:main].DiplomacyText-Question-Neutral-Yes;Excellent! Glad you agreed!
[Groups.Mercenaries.:main].DiplomacyText-Question-Alliance-No;Declined? So be it.
[Groups.Mercenaries.:main].DiplomacyText-Question-Alliance-Yes;Excellent! Glad you agreed!
[Groups.Mercenaries.:main].Text-End-Step-Victory;You survived! Victory!
[Groups.Mercenaries.:main].Text-End-EventFlag-Victory;Victory by event flag!
[Groups.Mercenaries.:main].Text-End-Standart-Lose;The faction has been completely wiped out. Other factions will now divide the Zone. Defeat!
[Groups.Mercenaries.:main].Text-End-Step-Lose;Time's up. You failed to gain control of the Zone. Defeat!
[Groups.Mercenaries.:main].Text-End-EventFlag-Lose;Defeat by event flag!
[Groups.Mercenaries.Anarchy].Text-End-Standart-Victory;Victory! Soon, the faction leadership openly clashed with the government. Multiple classified documents were actively leaked to the media for good money. State forces are already preparing a new plan to storm key territories. Looks like a new "War in the Zone" will start very soon...
[Groups.Mercenaries.AntiZone].Text-End-Standart-Victory;Victory! Soon, the faction leadership reached an agreement with the government. Part of the territories was handed over to Military control. Many mercenaries decided to leave the Zone, as everything devolved into artifact hunting and mutant contracts. It seems no major wars are expected in the Exclusion Zone anytime soon...
[Groups.Mercenaries.Control].Text-End-Standart-Victory;Victory! Soon, the faction leadership reached an agreement with the government. Part of the territories was handed over to Military control. Many mercenaries decided to leave the Zone, as everything devolved into artifact hunting and mutant contracts. It seems no major wars are expected in the Exclusion Zone anytime soon...
[Groups.Mercenaries.Crime].Text-End-Standart-Victory;Victory! Soon, the Zone became a major base for mercenaries worldwide. The criminal element grew. Mutant populations were poorly controlled. Minor clashes constantly erupted across the Exclusion Zone. It's unlikely this will end well...
[Groups.Mercenaries.Exploring].Text-End-Standart-Victory;Victory! Soon, the faction leadership reached an agreement with the government. Part of the territories was handed over to Military control. Many mercenaries decided to leave the Zone, as everything devolved into artifact hunting and mutant contracts. It seems no major wars are expected in the Exclusion Zone anytime soon...
[Groups.Mercenaries.Growth].Text-End-Standart-Victory;"Victory! Soon, the Zone became a major training base for mercenaries worldwide. Fighters trained here before being deployed to hotspots across the globe. Mutant numbers were strictly controlled. "Safaris" were even organized for wealthy clients..."
[Groups.Mercenaries.Growth].Text-End-Standart-Lose;Your faction has been completely wiped out. The remaining mercenaries dispersed to other factions offering better pay. Defeat!
[Groups.Mercenaries.Mercenary].Text-End-Standart-Victory;"Victory! Soon, the Zone became a major training base for mercenaries worldwide. Fighters trained here before being deployed to hotspots across the globe. Mutant numbers were strictly controlled. "Safaris" were even organized for wealthy clients..."
[Groups.Mercenaries.Mercenary].Text-End-Standart-Lose;Your faction has been completely wiped out. The remaining mercenaries dispersed to other factions offering better pay. Defeat!
[Groups.Mercenaries.Sectarianism].Text-End-Standart-Victory;Victory! Soon, the Zone became a major base for mercenaries worldwide. Elite fighters capable of executing any dirty orders without question, completely devoid of fear, were highly valued by clients, though their religious views raised eyebrows. The government delayed addressing this, as all storming projections predicted heavy casualties. They decided to deploy multiple infiltrators to attempt controlling the faction. Let's see how this ends...
[Groups.Mercenaries.Stability].Text-End-Standart-Victory;"Victory! Soon, the Zone became a major training base for mercenaries worldwide. Fighters trained here before being deployed to hotspots across the globe. Mutant numbers were strictly controlled. "Safaris" were even organized for wealthy clients..."
[Groups.Mercenaries.Stalkers].Text-End-Standart-Victory;"Victory! Soon, the Zone became a major training base for mercenaries worldwide. Fighters trained here before being deployed to hotspots across the globe. Mutant numbers were strictly controlled. "Safaris" were even organized for wealthy clients..."
[Groups.Mercenaries.Unknow].Text-End-Standart-Victory;"Victory! Soon, the Zone became a major training base for mercenaries worldwide. Fighters trained here before being deployed to hotspots across the globe. Mutant numbers were strictly controlled. "Safaris" were even organized for wealthy clients..."
[Groups.Mercenaries.Zombie].Text-End-Standart-Victory;Victory! C-Consciousness is now safe. Soon, psi-emission covered the entire Zone thanks to an increased number of emitters. Even the Cordon became dangerous. While the government didn't release mutants from the Zone, it no longer tried to reclaim it...
[Groups.stalkers.:main].Spy1-Name;Rookie
[Groups.stalkers.:main].Spy2-Name;Experienced
[Groups.stalkers.:main].Spy3-Name;Veteran
[Groups.stalkers.:main].Spy4-Name;Master
[Groups.stalkers.:main].Name;Free Stalkers
[Groups.stalkers.:main].Description;Free Stalkers lack a clear hierarchy or a single leader. Their advantage lies in their natural aptitude for artifact hunting, which can significantly improve financial standing in capable hands. Territorially, they are more present in Zaton than in Jupiter. The faction needs to decide on its development priorities.
[Groups.stalkers.:main].DiplomacyText-Question-War;We declare war on you!
[Groups.stalkers.:main].DiplomacyText-Question-Neutral;It's time to end this slaughter. We're ready for peace. Are you?
[Groups.stalkers.:main].DiplomacyText-Question-Alliance;We want to form an alliance with you. Do you agree?
[Groups.stalkers.:main].DiplomacyText-Question-BreakAlliance;We are breaking the alliance!
[Groups.stalkers.:main].DiplomacyText-RequestMoney-Ask;We've encountered some financial difficulties. We could use some assistance. We're interested in an amount like this:
[Groups.stalkers.:main].DiplomacyText-Ans-0-Down;You rat! War it is, then!
[Groups.stalkers.:main].DiplomacyText-Ans-1-Down;So be it.
[Groups.stalkers.:main].DiplomacyText-Ans-1-No;We don't see a need for that at the moment.
[Groups.stalkers.:main].DiplomacyText-Ans-1-Yes;Yes, we agree to a ceasefire.
[Groups.stalkers.:main].DiplomacyText-Ans-2-No;We're not sure this is necessary for us right now.
[Groups.stalkers.:main].DiplomacyText-Ans-2-Yes;Yes, we agree to cooperate.
[Groups.stalkers.:main].DiplomacyText-RequestMoney-Ans-No;Unfortunately, we cannot provide that amount of aid right now.
[Groups.stalkers.:main].DiplomacyText-RequestMoney-Ans-Yes;Alright, we will transfer the sum to you.
[Groups.stalkers.:main].DiplomacyText-Question-Neutral-No;It's a shame you refused!
[Groups.stalkers.:main].DiplomacyText-Question-Neutral-Yes;Good! We're glad you agreed!
[Groups.stalkers.:main].DiplomacyText-Question-Alliance-No;It's a shame you refused!
[Groups.stalkers.:main].DiplomacyText-Question-Alliance-Yes;Good! We're glad you agreed!
[Groups.stalkers.:main].Text-End-Step-Victory;You survived! Victory!
[Groups.stalkers.:main].Text-End-EventFlag-Victory;Victory by event flag!
[Groups.stalkers.:main].Text-End-Standart-Lose;The faction has been completely wiped out. Other factions will now divide the Zone. Defeat!
[Groups.stalkers.:main].Text-End-Step-Lose;Time's up. You failed to gain control of the Zone. Defeat!
[Groups.stalkers.:main].Text-End-EventFlag-Lose;Defeat by event flag!
[Groups.stalkers.Anarchy].Text-End-Standart-Victory;Victory! Soon, the unified stalker faction developed a set of rules similar to those of the Freedom faction, but with clear differences. The focus was on money, not ideology. Over time, separate "interest-based" groups formed within the faction, leading to a split at the top. Many began saying that a new stage of the "War in the Zone" was imminent...
[Groups.stalkers.AntiZone].Text-End-Standart-Victory;Victory! Soon, the unified stalker faction developed rules similar to the Duty faction's, but without the military bias. Not everyone liked it, but dissenters stayed silent, as the new leadership actively fought any Zone manifestations, making artifact collection safer and reducing bandit threats. Mutant hunting was streamlined to the point that even Blind Dogs were rarely seen in the south. The faction leadership actively cooperated with Scientists and avoided conflicts with the Military, leading to a new era of Zone study, though its secrets were reluctantly shared with the public.
[Groups.stalkers.Control].Text-End-Standart-Victory;Victory! Soon, stalkers implemented rules designed to bring order to the Zone. Even military ranks replaced old stalker ranks. The old command chaos vanished. A clear chain of command was established, newcomers were forcibly integrated into this hierarchy, and those who disagreed were immediately handed over to the Military beyond the Cordon without discussion. Rumors said military officials sat in the faction's leadership, but no one could prove it. Or perhaps they couldn't, as they were taken by the Military to an unknown location. The Zone became less open, but safer, especially for government organizations.
[Groups.stalkers.Crime].Text-End-Standart-Victory;Victory! Soon, stalkers enforced a rule that only one faction would exist in the Zone, and everyone must pay a share, while traders were taxed. Those who couldn't pay were handed over to the Military beyond the Cordon. The Zone became less accessible for government study, and the criminal nature of the order reduced the influx of newcomers to stalker-guarded territories.
[Groups.stalkers.Exploring].Text-End-Standart-Victory;Victory! Soon, the stalker faction actively cooperated with all Scientists inside the Zone. Collecting mutant parts, artifacts, measuring anomaly activity... Everyone started making a living this way. A real hunt began for any documents from underground laboratories. It's not enough to find them... You still have to get those papers to the nearest Scientist bunker. And the fact that there were now far more bunkers didn't help. Bounty hunters became the Zone's new plague. If anyone learns a stalker has even one lab document or, at worst, something of mild scientific value... They can be written off as dead. They won't reach a single bunker. People in the Zone split into two groups - those who retrieve, and those who hunt those who succeeded. Gunfire echoed everywhere. Gradually, the Zone became more and more dangerous...
[Groups.stalkers.Growth].Text-End-Standart-Victory;Victory! Soon, stalkers enforced a rule that no other factions would exist in the Zone, and anyone turning to banditry was handed over to the Military beyond the Cordon. The Zone became open for study to anyone willing. And less dangerous.
[Groups.stalkers.Growth].Text-End-Standart-Lose;Free Stalkers have been completely wiped out. Only factions will now divide the Zone. No more Free Stalkers remain! Defeat!
[Groups.stalkers.Mercenary].Text-End-Standart-Victory;Victory! Soon, the stalker faction began resembling ordinary mercenaries more and more. The strict hierarchy collapsed, the faction fractured. "Contracts" dictated the new order. Killings increased so much that the Zone became full of "professional hitmen." But while people fought over the money they loved so much, the Zone grew much more dangerous, as monsters received far less attention than they should. People talked about seeing new, previously unknown, and extremely dangerous monsters near the Cordon.
[Groups.stalkers.Sectarianism].Text-End-Standart-Victory;Victory! Soon, the stalker faction began resembling a cult more and more. Rumors in the "lower ranks" said the "top brass" was influenced by "certain forces from the north." Religious phrases appeared more often in commanders' speeches. Active hostilities with government forces began to expand influence beyond the perimeter. Brainwashing among members intensified daily, but some resisted and protected their minds. Most of them were in the south, as they were unaffected by the psi-emitters that were reactivated. A new stage of the "War in the Zone" is imminent...
[Groups.stalkers.Stability].Text-End-Standart-Victory;Victory! Soon, lacking external enemies, the stalker faction began seeking them within. Intrigue, scandals, executions... That's what the faction turned into. Stalker duties devolved to guarding and clearing main Zone routes, while remote areas received almost no attention. This led to an increase in mutants and those fleeing the internal strife. The faction cooperated with Scientists and the Military, but reluctantly, prompting state forces to consider establishing a new base inside the perimeter, which could lead to new clashes within the Zone...
[Groups.stalkers.Stalkers].Text-End-Standart-Victory;Victory! Soon, stalkers enforced a rule that no other factions would exist in the Zone, and anyone turning to banditry was handed over to the Military beyond the Cordon. The Zone became open for study to anyone willing. And less dangerous.
[Groups.stalkers.Stalkers].Text-End-Standart-Lose;Free Stalkers have been completely wiped out. Only factions will now divide the Zone. No more Free Stalkers remain! Defeat!
[Groups.stalkers.Unknow].Text-End-Standart-Victory;Victory! Soon, stalkers enforced a rule that no other factions would exist in the Zone, and anyone turning to banditry was handed over to the Military beyond the Cordon. The Zone became open for study to anyone willing. And less dangerous.
[Groups.stalkers.Unknow].Text-End-Standart-Lose;Free Stalkers have been completely wiped out. Only factions will now divide the Zone. No more Free Stalkers remain! Defeat!
[Groups.stalkers.Zombie].Text-End-Standart-Victory;Victory! C-Consciousness is now safe. Soon, psi-emission covered the entire Zone thanks to an increased number of emitters. Even the Cordon became dangerous. While the government didn't release mutants from the Zone, it no longer tried to reclaim it...