[Common_Strings].StoryEventsLevelText;Additional deputies (recommended)
[Form_World].LT_4;The faction changed the ventilation status in the territory of %s location %s
[Form_World].FilterHint_6;Biological hazard
[Form_ZonaMenu].FT_11;, there is a ventilation control panel
[Form_ZonaMenu].FHint9;The presence of a lethal level of biological hazard
[Form_ZonaMenu].BTNHint9;Manage ventilation status
[Form_PsyControl].TitleText;Actions with ventilation
[Form_PsyControl].LT_2;Ventilation status: %s
[Form_PsyControl].LT_3;You can turn the ventilation on and off. The cost is %s CR. Keep in mind that hazardous air can affect not only this area but also neighboring ones. Be prepared for unpredictable changes!
[Form_PsyControl].FT_1;You cannot turn the ventilation on or off. Be aware that hazardous air can affect not only this area but also others. Be careful!
[Form_PsyControl].FT_2;Turned off
[Form_PsyControl].FT_3;Turned on
[Buttons].BTN_PsyControl.Text;Ventilation
[Advisors.Advisor-0].Name;Unknown
[Advisors.Advisor-1].Name;Unknown
[Advisors.Advisor-2].Name;Unknown
[Advisors.Advisor-3].Name;Unknown
[Advisors.Advisor-4].Name;Unknown
[Advisors.Advisor-5].Name;Unknown
[Advisors.Advisor-6].Name;Unknown
[Advisors.Advisor-7].Name;Unknown
[Advisors.Advisor-08].Name;Unknown
[Advisors.Advisor-11].Name;Unknown
[Advisors.Advisor-13].Name;Collective mind
[Advisors.Advisor-14].Name;Nitro
[Advisors.Advisor-15].Name;Senka
[Advisors.Advisor-16].Name;Beard
[Advisors.Advisor-17].Name;Vano
[Advisors.Advisor-18].Name;Tuna
[Advisors.Advisor-19].Name;Hawaiian
[Advisors.Advisor-20].Name;Garmata
[Advisors.Advisor-21].Name;Grouse
[Advisors.Advisor-22].Name;Gonta
[Advisors.Advisor-23].Name;Crest
[Advisors.Advisor-24].Name;Trapper
[Advisors.Advisor-25].Name;Zulu
[Advisors.Advisor-26].Name;Cardan
[Advisors.Advisor-27].Name;Snag
[Advisors.Advisor-28].Name;Bonesetter
[Advisors.Advisor-29].Name;Crab
[Advisors.Advisor-30].Name;Sledgehammer
[Advisors.Advisor-31].Name;Pilot
[Advisors.Advisor-32].Name;Bear
[Advisors.Advisor-33].Name;Mitay
[Advisors.Advisor-34].Name;Noah
[Advisors.Advisor-35].Name;Petruha
[Advisors.Advisor-36].Name;Spartacus
[Advisors.Advisor-37].Name;Owl
[Advisors.Advisor-38].Name;Torba
[Advisors.Advisor-39].Name;Tremor
[Advisors.Advisor-40].Name;Awl
[Advisors.Advisor-41].Name;Jack
[Advisors.Advisor-42].Name;Gnome
[Advisors.Advisor-43].Name;Knuckles
[Advisors.Advisor-44].Name;Sultan
[Advisors.Advisor-45].Name;Shishak
[Advisors.Advisor-46].Name;Baptist
[Advisors.Advisor-47].Name;Captain Klimenko
[Advisors.Advisor-48].Name;Captain Tarasov
[Advisors.Advisor-49].Name;Lieutenant Kirillov
[Advisors.Advisor-50].Name;Lieutenant Podorozhny
[Advisors.Advisor-51].Name;Lieutenant Rogovets
[Advisors.Advisor-52].Name;Lieutenant Sergeev
[Advisors.Advisor-53].Name;Lieutenant Skelya
[Advisors.Advisor-54].Name;Lieutenant Stetsenko
[Advisors.Advisor-55].Name;Ensign Valentir
[Advisors.Advisor-56].Name;Sergeant Valyushok
[Advisors.Advisor-57].Name;Senior Sergeant Morozov
[Advisors.Advisor-58].Name;Sergeant Merkulov
[Advisors.Advisor-59].Name;Sergeant Ostrovsky
[Advisors.Advisor-60].Name;Sergeant Yarmoshuk
[Advisors.Advisor-61].Name;Strider
[Advisors.Advisor-62].Name;Degtyarev
[Advisors.Advisor-63].Name;Recruiter Captain
[Advisors.Advisor-64].Name;Lieutenant Gavrilenko
[Advisors.Advisor-65].Name;Morgan
[Advisors.Advisor-66].Name;Strider
[Advisors.Advisor-67].Name;Gaiduk
[Advisors.Advisor-68].Name;Yar
[Advisors.Advisor-69].Name;Kremen
[Advisors.Advisor-70].Name;Flint
[Advisors.Advisor-71].Name;Strider
[Advisors.Advisor-72].Name;Preacher
[Advisors.Advisor-73].Name;Devotee
[Advisors.Advisor-74].Name;Messiah
[Advisors.Advisor-75].Name;Strider
[Advisors.Advisor-76].Name;Hook
[Advisors.Advisor-77].Name;Hatchet
[Advisors.Advisor-78].Name;Vulture
[Advisors.Advisor-79].Name;Lawn
[Advisors.Advisor-80].Name;Corpse
[Advisors.Advisor-81].Name;Oak
[Advisors.Advisor-82].Name;Stake
[Advisors.Advisor-83].Name;Pianist
[Advisors.Advisor-84].Name;Surgeon
[Advisors.Advisor-85].Name;Kirzach
[Advisors.Advisor-86].Name;Koschei
[Advisors.Advisor-87].Name;Goblin
[Advisors.Advisor-88].Name;Skull
[Advisors.Advisor-89].Name;Doublet
[Advisors.Advisor-90].Name;Ridge
[Advisors.Advisor-91].Name;Tank
[Advisors.Advisor-92].Name;Black
[Advisors.Advisor-93].Name;Snout
[Advisors.Advisor-94].Name;Serbin
[Advisors.Advisor-95].Name;Topol
[Advisors.Advisor-96].Name;Topol (Spark)
[Advisors.Advisor-97].Name;Spark Squad
[Advisors.Advisor-98].Name;Mace
[Advisors.Advisor-99].Name;Mace (Spark)
[Advisors.Advisor-100].Name;Spirit
[Advisors.Advisor-101].Name;Spirit (Spark)
[Advisors.Advisor-102].Name;Snake
[Advisors.Advisor-103].Name;Snake (Spark)
[Advisors.Advisor-104].Name;Garry
[Advisors.Advisor-105].Name;Lieutenant Sokolov
[Advisors.Advisor-106].Name;Goiter
[Advisors.Advisor-107].Name;Professor Ozersky
[Advisors.Advisor-108].Name;Novikov
[Advisors.Advisor-109].Name;Black
[Advisors.Advisor-110].Name;Hatchet
[Advisors.Advisor-111].Name;Spartacus
[Advisors.Advisor-112].Name;Controller
[Achievements.Achiv-1].Name;Accepted into Duty!
[Achievements.Achiv-1].Desc;New achievement unlocked! Accept the Strider into the Duty faction.
[Achievements.Achiv-1].Desc-Logo;It is necessary to accept the Strider into the Duty faction (the Strider must become a candidate for deputy) and last 1 turn.
[Achievements.Achiv-2].Name;An ace up the sleeve!
[Achievements.Achiv-2].Desc;Ne achievement unlocked! Capture the entire Zone as the Bandits on Master difficulty.
[Achievements.Achiv-2].Desc-Logo;Capture the entire Zone as the Bandits on Master difficulty.
[Achievements.Achiv-3].Name;Free completely!
[Achievements.Achiv-3].Desc;A new achievement unlocked! Capture Yanov and its surrounding territories from the west and south in the Jupiter Outskirts location and hold it for 1 turn as the Freedom faction on Veteran difficulty or higher.
[Achievements.Achiv-3].Desc-Logo;Capture Yanov and the surrounding territories from the west and south in the Jupiter Outskirts location and hold it for 1 turn as the Freedom faction on Veteran difficulty or higher.
[Achievements.Achiv-4].Name;Mission accomplished!
[Achievements.Achiv-4].Desc;New achievement unlocked! Capture the X-8 Lab location and hold it for 1 turn as the Mercenaries on Veteran difficulty or higher.
[Achievements.Achiv-4].Desc-Logo;Capture the X-8 Laboratory location and hold it for 1 turn as the Mercenaries faction on Veteran difficulty or higher.
[Achievements.Achiv-5].Name;In His name!
[Achievements.Achiv-5].Desc;New achievement unlocked! Embrace the Cultist ideology for 15 turns as the Bandits on Master difficulty and survive for 1 turn.
[Achievements.Achiv-5].Desc-Logo;Accept the Cultist ideology for 15 turns as the Bandits on Master difficulty and survive for 1 turn.
[Achievements.Achiv-6].Name;The Sultan's Plan!
[Achievements.Achiv-6].Desc;New achievement unlocked! Embrace the Criminal ideology for 15 turns as the Free Stalkers on Experienced difficulty or higher and survive for 1 turn.
[Achievements.Achiv-6].Desc-Logo;Accept the Criminal ideology for 15 turns as the Free Stalkers faction on Experienced difficulty or higher and survive for 1 turn.
[Traders.World].Name;The outside world
[Traders.World].NeedText;Establishing contact with the outside world isn't always possible. 50% chance. Cost per attempt:
[Traders.YourGroup].Name;Trader of your faction
[Traders.YourGroup].NeedText;You can always trade with your merchant. Price:
[Traders.OtherGroup].Name;Trader of another faction
[Traders.OtherGroup].NeedText;To trade with other factions, first select the other's territory on the map.
[Traders.Trader1].Name;Beard
[Traders.Trader1].NeedText;You can trade with him if you control the territory of Stalkersky Skadovsk on the Zaton. Price:
[Traders.Trader2].Name;Owl
[Traders.Trader2].NeedText;You can trade with him if you control the territory of Stalkersky Skadovsk on the Zaton. Price:
[Traders.Trader3].Name;Hawaiian
[Traders.Trader3].NeedText;You can trade with him if you control the Stalker Yanov territory on Jupiter. Price:
[Traders.Trader4].Name;Nimble
[Traders.Trader4].NeedText;You can trade with him if you control the territory of Stalkersky Skadovsk on the Zaton. Price:
[StoryEvents.Event-1].Name;Additional deputies
[StoryEvents.Event-1].Desc-Owner;If you control territory %0:s of location %1:s by the end of turn 15, your faction will receive a new deputy candidate. The same will happen on turn 20.
[StoryEvents.Event-1].Desc-NonOwner;If you see this message, it's a bug in event #1.
[StoryEvents.Event-2].Name;Additional deputies
[StoryEvents.Event-2].Desc-Owner;If you control the Strider's Camp territory by the end of turn 10, your faction will have a new deputy candidate at its disposal.
[StoryEvents.Event-2].Desc-NonOwner;If you see this message, it's a bug in event #2.
[StoryEvents.Event-3].Name;Additional deputies
[StoryEvents.Event-3].Desc-Owner;If you control the Strider's Camp territory by the end of turn 10, your faction will have a new deputy candidate at its disposal.
[StoryEvents.Event-3].Desc-NonOwner;If you see this message, it's a bug in event #3.
[StoryEvents.Event-4].Name;Additional deputies
[StoryEvents.Event-4].Desc-Owner;If you control territory %0:s of location %1:s by the end of turn 15, your faction will have a new deputy candidate at its disposal.
[StoryEvents.Event-4].Desc-NonOwner;If you see this message, it's a bug in event #4.
[StoryEvents.Event-5].Name;Additional deputies
[StoryEvents.Event-5].Desc-Owner;If you control territory %0:s of location %1:s by the end of turn 5, your faction will receive a new deputy candidate. The same applies for turns 10, 15, and 20.
[StoryEvents.Event-5].Desc-NonOwner;If you see this message, it's a bug in event #5.
[StoryEvents.Event-6].Name;The emergence of a new candidate
[StoryEvents.Event-6].Desc-Owner;Strider has been added to the faction's staff. He can now be appointed deputy leader of the group.
[StoryEvents.Event-6].Desc-NonOwner;If you see this message, it's a bug in event #6.
[StoryEvents.Event-7].Name;The emergence of a new candidate
[StoryEvents.Event-7].Desc-Owner;Degtyarev has been added to the faction's staff. He can now be appointed deputy leader of the group.
[StoryEvents.Event-7].Desc-NonOwner;If you see this message, it's a bug in event #7.
[StoryEvents.Event-8].Name;Additional deputies
[StoryEvents.Event-8].Desc-Owner;Strider has been added to the faction's staff. He can now be appointed deputy leader of the group.
[StoryEvents.Event-8].Desc-NonOwner;If you see this message, it's a bug in event #8.
[StoryEvents.Event-9].Name;Additional deputies
[StoryEvents.Event-9].Desc-Owner;Strider has been added to the faction's staff. He can now be appointed deputy leader of the group.
[StoryEvents.Event-9].Desc-NonOwner;If you see this message, it's a bug in event #9.
[StoryEvents.Event-10].Name;Additional deputies
[StoryEvents.Event-10].Desc-Owner;Strider has been added to the faction's staff. He can now be appointed deputy leader of the group.
[StoryEvents.Event-10].Desc-NonOwner;If you see this message, it's a bug in event #10.
[StoryEvents.Event-11].Name;Additional deputies
[StoryEvents.Event-11].Desc-Owner;The "Iskra" squad is being formed. The character Snake has joined the squad. This has affected his stats.
[StoryEvents.Event-11].Desc-NonOwner;If you see this message, it's a bug in event #11.
[StoryEvents.Event-12].Name;This is technical event #1
[StoryEvents.Event-12].Desc-Owner;If you see this message, it's a bug in event #12.
[StoryEvents.Event-12].Desc-NonOwner;If you see this message, it's a bug in event #12.
[StoryEvents.Event-13].Name;Additional deputies
[StoryEvents.Event-13].Desc-Owner;The "Iskra" squad is being formed. The character Spirit has joined the squad. This has affected his stats.
[StoryEvents.Event-13].Desc-NonOwner;If you see this message, it's a bug in event #11.
[StoryEvents.Event-14].Name;Additional deputies
[StoryEvents.Event-14].Desc-Owner;If you see this message, it's a bug in event #14.
[StoryEvents.Event-14].Desc-NonOwner;If you see this message, it's a bug in event #14.
[StoryEvents.Event-15].Name;Additional deputies
[StoryEvents.Event-15].Desc-Owner;The "Iskra" squad is being formed. The character Mace has joined the squad. This has affected his stats.
[StoryEvents.Event-15].Desc-NonOwner;If you see this message, it's a bug in event #11.
[StoryEvents.Event-16].Name;Additional deputies
[StoryEvents.Event-16].Desc-Owner;If you see this message, it's a bug in event #14.
[StoryEvents.Event-16].Desc-NonOwner;If you see this message, it's a bug in event #14.
[StoryEvents.Event-17].Name;Additional deputies
[StoryEvents.Event-17].Desc-Owner;The "Iskra" squad is being formed. The character Mace has joined the squad. This has affected his stats.
[StoryEvents.Event-17].Desc-NonOwner;If you see this message, it's a bug in event #11.
[StoryEvents.Event-18].Name;Additional deputies
[StoryEvents.Event-18].Desc-Owner;If you see this message, it's a bug in event #14.
[StoryEvents.Event-18].Desc-NonOwner;If you see this message, it's a bug in event #14.
ScenarioName;Free Play: Call of Pripyat
ScenarioDescription;Free Play is a copy of the story mode, but with the story disabled and a few minor differences. There are no time limits. Victory is achieved by capturing the entire Zone, and defeat is achieved by losing the last territory. Diplomacy between factions may deviate from the canon during the game.
[Groups.bandits.:main].Spy1-Name;Newbie
[Groups.bandits.:main].Spy2-Name;Experiences
[Groups.bandits.:main].Spy3-Name;Veteran
[Groups.bandits.:main].Spy4-Name;Master
[Groups.bandits.:main].Name;Bandits
[Groups.bandits.:main].Description;Bandits are the criminal element of the Zone. They control significant territories further south. Despite their favorable location, defending them won't be easy, as they are in conflict with virtually everyone. They lack adequate weapons and a large number of skilled soldiers within their ranks. The faction needs to reorganize, both internally and externally.
[Groups.bandits.:main].DiplomacyText-Question-War;Well, what now, chump, had enough? Pull your piece out! The boys are already on their way!
[Groups.bandits.:main].DiplomacyText-Question-Neutral;Hey, hey! Easy there, bro, yeah? Maybe we stop blasting each other, huh? Deal?
[Groups.bandits.:main].DiplomacyText-Question-Alliance;Hey, bro, how about we team up, yeah? Like? shoot some suckers together? that kinda thing. Huh? Deal?
[Groups.bandits.:main].DiplomacyText-Question-BreakAlliance;Nah, you're a real punk, straight-up loser. From here on, every man for himself!
[Groups.bandits.:main].DiplomacyText-RequestMoney-Ask;Hey, you hear me, pal, got any spare change? Just a bit, like this much:
[Groups.bandits.:main].DiplomacyText-Ans-0-Down;Who the hell are you mouthing off to? Big man, you're dead, got it?!
[Groups.bandits.:main].DiplomacyText-Ans-1-Down;Man, that was just pathetic as hell?
[Groups.bandits.:main].DiplomacyText-Ans-1-No;We find you - we'll skin you alive!
[Groups.bandits.:main].DiplomacyText-Ans-1-Yes;Listen up, we won't touch you. For real, I swear on my word!
[Groups.bandits.:main].DiplomacyText-Ans-2-No;No, no, that's total crap, you're talking nonsense!
[Groups.bandits.:main].DiplomacyText-Ans-2-Yes;Hang in there, buddy, everything's gonna be fine?
[Groups.bandits.:main].DiplomacyText-RequestMoney-Ans-No;You hit your head or what? Where would we get that kinda cash? We could use it ourselves?
[Groups.bandits.:main].DiplomacyText-RequestMoney-Ans-Yes;Here, bro, take the cash!
[Groups.bandits.:main].DiplomacyText-Question-Neutral-No;Bro? you really screwed up. You shouldn't have done that?
[Groups.bandits.:main].DiplomacyText-Question-Neutral-Yes;Well damn, bro, you made my day! Nice one?
[Groups.bandits.:main].DiplomacyText-Question-Alliance-No;Bro? you really messed up. Shouldn't have done that?
[Groups.bandits.:main].DiplomacyText-Question-Alliance-Yes;Oh hell yeah, bro! Now we'll be popping chumps together!
[Groups.bandits.:main].Text-End-Step-Victory;You survived! Victory!
[Groups.bandits.:main].Text-End-EventFlag-Victory;Victory by event flag!
[Groups.bandits.:main].Text-End-Standart-Lose;The faction has been completely destroyed, now the Zone will be divided between other factions. Defeat!
[Groups.bandits.:main].Text-End-Step-Lose;Time's up, you failed to gain control of the Zone. Defeat!
[Groups.bandits.:main].Text-End-EventFlag-Lose;Defeat by event flag!
[Groups.bandits.Anarchy].Text-End-Standart-Victory;Victory! The faction's behavior soon became less and less like its original form. Yes, there was still crime, but it was diminishing. The elite tried to promote a theme close to that advocated by the "Freedom" faction, while the lower ranks were slow to embrace these new ideals, as the old methods of robbery and looting seemed simpler and more understandable. The group was splintering before our eyes. Every new day brought new instances of disobedience by individual groups. A new conflict in the Zone was about to begin...
[Groups.bandits.AntiZone].Text-End-Standart-Victory;Victory! The gang's behavior soon became less and less like its original self. The criminal element diminished significantly. The leadership increasingly pushed the idea of ??fighting the Zone. Yes, many understood that there was no one left to rob, everyone was part of the faction, and they agreed. But since the gang also included real criminals, separate groups formed to rob those same «their own». Localized fighting broke out all around. The Zone once again found itself on the brink of a full-scale war of all against all...
[Groups.bandits.Control].Text-End-Standart-Victory;Victory! The faction's behavior soon became less and less like its original form. Crime levels dropped significantly. A strict hierarchy was established. The name "Penal Battalion" best described the situation. Rumors circulated among the faction's members that the top brass had caved in to the government's influence. Many accepted this, but there were also those in power with the "big shots" who disagreed with this arrangement. A new, large-scale conflict was brewing, this time within the group...
[Groups.bandits.Crime].Text-End-Standart-Victory;Victory! The Zone had become a criminal quasi-state. The Zone began to live by its own rules. Soon, there was no one left to rob, and the gang became mired in infighting. Instead of shooting monsters and looting artifacts, the Bandits started shooting at each other...
[Groups.bandits.Crime].Text-End-Standart-Lose;The last bandit got the bullet. There's no more room for the criminal underworld in the Zone... Defeat!
[Groups.bandits.Crime].Text-End-Step-Lose;Time's up. The boys say you're no good... Defeat!
[Groups.bandits.Exploring].Text-End-Standart-Victory;Victory! The faction controls the entire territory. There's no one left to rob. Soon, there'll be nowhere left to loot either... The top brass is already actively switching to lucrative contracts from the government. Groups of Scientists can now often be seen in the Zone taking their animal activity measurements under the watchful eye of local «brothers». Yesterday's bandits were already out and about, doing what they once considered too dirty - searching for artifacts, extracting mutant body parts, and taking obscure measurements with equally obscure instruments. Not everyone liked this, so isolated groups emerged who organized attacks on «their own». They tried to actively combat them, but more and more of these «dissenters» appeared, as few found their place in the new reality of studying the Zone...
[Groups.bandits.Growth].Text-End-Standart-Victory;Victory! The Zone had become a criminal quasi-state. The Zone began to live by its own rules. Soon, there was no one left to rob, and the gang became mired in infighting. Instead of shooting monsters and looting artifacts, the Bandits started shooting at each other...
[Groups.bandits.Growth].Text-End-Standart-Lose;The last bandit got the bullet. There's no more room for the criminal underworld in the Zone... Defeat!
[Groups.bandits.Growth].Text-End-Step-Lose;Time's up. The boys say you're no good... Defeat!
[Groups.bandits.Mercenary].Text-End-Standart-Victory;Victory! The faction controls the entire territory. There's no one left to rob. Soon, there will be no more room for looting either... The leadership is already actively switching to lucrative contracts from the outside world. But the emphasis was on more criminal contracts, so Scientists, guarded by local soldiers, were practically nonexistent in the Zone, significantly limiting exploration of the Zone. The government planned to launch several military operations to retake key Zone facilities. Soon there will be a «War in Zone» again...
[Groups.bandits.Sectarianism].Text-End-Standart-Victory;Victory! But despite the fact that the faction had occupied all territories, there was no such control over its forces. Confusion reigned all around. Strange speeches from the leadership, strange behavior from everyone in the northern Zone, the psionic installations soon being turned on again... All this worried those in the south. The south began arming itself and forming its own hierarchy with commanders. A new phase of the «War in Zone» was about to begin...
[Groups.bandits.Stability].Text-End-Standart-Victory;Victory! The group controls the entire territory. There's no one left to plunder. Soon, there will be no more room to loot either... The leadership is actively trying to find new ways to enrich themselves. The soldiers began to be divided into subgroups. Some search for artifacts, others hunt for mutant body parts, and still others are used as mercenaries to carry out external contracts. But there were also those for whom any of the "peaceful" trades were unsuitable. The first conflicts and subsequent fighting soon began. The group's internal hierarchy was in turmoil, and it was unclear how it would all end...
[Groups.bandits.Stalkers].Text-End-Standart-Victory;Victory! The faction soon behaved less and less like its original self. Crime had truly diminished. Pay your share, and you can go and get artifacts. No one should interfere. And if someone does, they'll find those guys. Find them quickly. But if they find patrons high up, they'll let them go with a few words of warning. So, within the faction, separate groups with their own leaders quickly formed, dragging the group toward armed internal conflict...
[Groups.bandits.Unknow].Text-End-Standart-Victory;Victory! The Zone had become a criminal quasi-state. The Zone began to live by its own rules. Soon, there was no one left to rob, and the gang became mired in infighting. Instead of shooting monsters and looting artifacts, the Bandits started shooting at each other...
[Groups.bandits.Unknow].Text-End-Standart-Lose;The last bandit got the bullet. There's no more room for the criminal underworld in the Zone... Defeat!
[Groups.bandits.Unknow].Text-End-Step-Lose;Time's up. The boys say you're no good... Defeat!
[Groups.bandits.Zombie].Text-End-Standart-Victory;Victory! Now O-Consciousness is safe. Soon, psi-radiation covered the entire Zone thanks to the increased number of emitters. Even the Cordon became dangerous. The government, although didn't release mutants from the Zone, no longer tried to retake it...
[Groups.Duty.:main].Spy1-Name;Newbie
[Groups.Duty.:main].Spy2-Name;Experienced
[Groups.Duty.:main].Spy3-Name;Veteran
[Groups.Duty.:main].Spy4-Name;Master
[Groups.Duty.:main].Name;Duty
[Groups.Duty.:main].Description;Duty. The faction's goal is to protect the world from the Zone's contagion. It's a fairly powerful paramilitary group. A favorable location, good weapons, and a predisposition to combat mutants guarantee success in capable hands.
[Groups.Duty.:main].DiplomacyText-Question-War;You and your gang are a threat to peace, it's time to deal with you!
[Groups.Duty.:main].DiplomacyText-Question-Neutral;We want to make a truce with you, do you agree?
[Groups.Duty.:main].DiplomacyText-Question-Alliance;We propose an alliance. Together we can carry out a few operations against our enemies. Do you agree?
[Groups.Duty.:main].DiplomacyText-Question-BreakAlliance;We will no longer cooperate!
[Groups.Duty.:main].DiplomacyText-RequestMoney-Ask;Got any extra cash? Times are tough here. We'd like this much:
[Groups.Duty.:main].DiplomacyText-Ans-0-Down;I see. We'll cleanse the Zone of you too!
[Groups.Duty.:main].DiplomacyText-Ans-1-Down;It's a pity, but since you insist, it will be so.
[Groups.Duty.:main].DiplomacyText-Ans-1-No;No, we definitely won't do that now.
[Groups.Duty.:main].DiplomacyText-Ans-1-Yes;We look forward to further cooperation.
[Groups.Duty.:main].DiplomacyText-Ans-2-No;No, we definitely won't do that now.
[Groups.Duty.:main].DiplomacyText-Ans-2-Yes;Okay, great, deal!
[Groups.Duty.:main].DiplomacyText-RequestMoney-Ans-No;No, we can't help yet.
[Groups.Duty.:main].DiplomacyText-RequestMoney-Ans-Yes;Okay, we will help you.
[Groups.Duty.:main].DiplomacyText-Question-Neutral-No;Oh, it was a shame you refused!
[Groups.Duty.:main].DiplomacyText-Question-Neutral-Yes;Good, that makes me happy!
[Groups.Duty.:main].DiplomacyText-Question-Alliance-No;Oh, it was a shame you refused!
[Groups.Duty.:main].DiplomacyText-Question-Alliance-Yes;Good, that makes me happy!
[Groups.Duty.:main].Text-End-Step-Victory;You survived! Victory!
[Groups.Duty.:main].Text-End-EventFlag-Victory;Victory by event flag!
[Groups.Duty.:main].Text-End-Standart-Lose;The faction was completely destroyed, now the Zone will be divided between other factions. Defeat!
[Groups.Duty.:main].Text-End-Step-Lose;Time's up, you failed to gain control of the Zone. Defeat!
[Groups.Duty.:main].Text-End-EventFlag-Lose;Defeat by event flag!
[Groups.Duty.Anarchy].Text-End-Standart-Victory;Victory! It would seem the war is over. The Zone is controlled by a single faction. But not long ago, its ideology changed. And to one opposed by its founders. Even before the war ended, disagreements were brewing among the commanders. It seems a new «War in Zone» is brewing, one that will be purely ideological...
[Groups.Duty.AntiZone].Text-End-Standart-Victory;Victory! Soon, Duty contacted the government and began collaborating. Mutants were eradicated, and scientists were sent to the Zone more and more frequently. Intelligence agents were increasingly spotted in Duty, but perhaps these were just rumors...
[Groups.Duty.AntiZone].Text-End-Standart-Lose;Your faction has been completely destroyed. The last of the Duty members have scattered, lacking the will to fight for the ideals of Duty. Defeat!
[Groups.Duty.Control].Text-End-Standart-Victory;Victory! Soon, the leadership contacted the government and began openly collaborating. Not everyone was happy about this. Some stalkers broke away from the main faction and formed their own groups in different parts of the Zone. A new «War in Zone» for control of everything within the perimeter is brewing.
[Groups.Duty.Crime].Text-End-Standart-Victory;Victory! It would seem that order has finally returned to the Zone. But that could only have been an illusion from the outside. The gang's leadership is now in the hands of criminal elements. Everything is gradually descending into the most common racketeering, looting, and protection rackets. New conflicts are brewing. The gang will definitely not be able to remain united...
[Groups.Duty.Exploring].Text-End-Standart-Victory;Victory! Soon, the leadership contacted the government and made some concessions to avoid conflict with the outside world. The group members generally supported this approach, as a well-studied enemy is much easier to fight. Stalkers on the ground have already experienced the first results of this cooperation: superior artifact-hunting equipment, more precise devices for identifying anomalous locations, and mutant vulnerabilities. This allowed the faction members to avoid noticing that the documents from the laboratories had been handed over to the government, and that everyone who knew about their contents had suddenly disappeared. They allegedly "lost interest in the Zone and decided to return home". And everyone who finds any documents in the Zone's dungeons continues to disappear to this day...
[Groups.Duty.Growth].Text-End-Standart-Victory;Victory! Soon, Duty contacted the government and began collaborating. Mutants were eradicated, and scientists were sent to the Zone more and more frequently. Intelligence agents were increasingly spotted in Duty, but perhaps these were just rumors...
[Groups.Duty.Growth].Text-End-Standart-Lose;Your faction has been completely destroyed. The last of the Duty members have scattered, lacking the will to fight for the ideals of Duty. Defeat!
[Groups.Duty.Mercenary].Text-End-Standart-Victory;Victory! The Zone is now controlled by a single faction. But recently, its priorities have shifted. For some reason, mutants are no longer being exterminated as actively. Everyone talks about money and how to make it easier... Organize a "safari for the rich from the outside world"? Or catch a mutant for sale? Perhaps smuggle a rare artifact through the perimeter into someone's private collection? This approach to the Zone hasn't pleased everyone. Among the faction's ranks, there are those who still remember what the real Duty once was. They are gradually breaking away from the main force and occupying key points within the perimeter. Rumor has it that the Military is helping them. It's highly likely that the Zone will face new clashes with many deaths...
[Groups.Duty.Sectarianism].Text-End-Standart-Victory;Victory! It would seem the war is over. The Zone is controlled by a single faction. But recently, priorities have shifted. For some reason, mutant extermination is no longer being carried out as actively. Everyone is talking about certain patrons from the north. Documents from the laboratories are disappearing in an unknown direction. Resentment is brewing among the ordinary soldiers over the strange religious speeches of their commanders. Not everyone is ready to be brainwashed by some incomprehensible sermons, especially those in the southern Zone. New contacts have already been established with the Military. And recent news about the activation of psionic installations in the north made it clear there is no turning back. A new «War in Zone» is about to begin within the perimeter...
[Groups.Duty.Stability].Text-End-Standart-Victory;Victory! Soon, the faction contacted the government and began collaborating. Things were proceeding slowly, despite pressure from the outside world. Mutants were still being eradicated, artifacts were being sought, scientists were being protected. But everything seemed to be taking its time. Some people got the impression that the higher-ups were in no hurry to combat the Zone's manifestations. Some claimed that the higher-ups were stalling because they were trying to enrich themselves as much as possible, while others said the faction's leaders did not want to lose the power they had. There was virtually no discontent among the rank-and-file soldiers, as no one was being deprived of their livelihoods, but the ideologically charged commanders began plotting a coup?
[Groups.Duty.Stalkers].Text-End-Standart-Victory;Victory! Soon, the faction's leadership began to increasingly shift the focus of its propaganda. Searching for artifacts and collaborating with the government and scientists became commonplace. The Zone was free of bandits, and any racketeering was nipped in the bud, making money in the Zone somewhat easier. But the government, while not particularly conflicting with the faction's leadership, was still plotting to take control of the Zone...
[Groups.Duty.Unknow].Text-End-Standart-Victory;Victory! Soon, Duty contacted the government and began collaborating. Mutants were eradicated, and scientists were sent to the Zone more and more frequently. Intelligence agents were increasingly spotted in Duty, but perhaps these were just rumors...
[Groups.Duty.Unknow].Text-End-Standart-Lose;Your faction has been completely destroyed. The last of the Duty members have scattered, lacking the will to fight for the ideals of Duty. Defeat!
[Groups.Duty.Zombie].Text-End-Standart-Victory;Victory! Now O-Consciousness is safe. Soon, psi-radiation covered the entire Zone thanks to the increased number of emitters. Even the Cordon became dangerous. The government, although didn't release mutants from the Zone, no longer tried to retake it...
[Groups.freedom.:main].Spy1-Name;Newbie
[Groups.freedom.:main].Spy2-Name;Experienced
[Groups.freedom.:main].Spy3-Name;Veteran
[Groups.freedom.:main].Spy4-Name;Master
[Groups.freedom.:main].Name;Freedom
[Groups.freedom.:main].Description;Freedom is an anarchist faction that is hostile to government forces and research teams. Some analysts believe that this faction's location at the Army Depots location is "between a rock and a hard place", but their experienced, well-armed soldiers can hold their own against any faction.
[Groups.freedom.:main].DiplomacyText-Question-War;Well, man, get ready! We're coming for you and your boys.
[Groups.freedom.:main].DiplomacyText-Question-Neutral;Dude, maybe we should make peace?
[Groups.freedom.:main].DiplomacyText-Question-Alliance;Dude, how about a union? What do you think?
[Groups.freedom.:main].DiplomacyText-Question-BreakAlliance;Dude, sorry, but our paths diverge.
[Groups.freedom.:main].DiplomacyText-RequestMoney-Ask;Hi, man! Freedom needs some spare cash... Could you throw us a sum of this amount:
[Groups.freedom.:main].DiplomacyText-Ans-0-Down;The coffins will become more expensive!
[Groups.freedom.:main].DiplomacyText-Ans-1-Down;O-o-oh... Everything is clear with you, well, okay.
[Groups.freedom.:main].DiplomacyText-Ans-1-No;No, we don't agree.
[Groups.freedom.:main].DiplomacyText-Ans-1-Yes;Okay, agreed!
[Groups.freedom.:main].DiplomacyText-Ans-2-No;No, dude, we're definitely out now.
[Groups.freedom.:main].DiplomacyText-Ans-2-Yes;O-o-oh, cool, dealt with!
[Groups.freedom.:main].DiplomacyText-RequestMoney-Ans-No;Man, what's wrong? We're not ready to throw in that kind of cash right now...
[Groups.freedom.:main].DiplomacyText-RequestMoney-Ans-Yes;Dude, no problem! It's already been transferred!
[Groups.freedom.:main].DiplomacyText-Question-Neutral-No;Hyman. This is sad, depressing news. It's a shame you turned it down, but keep in mind ? we did offer you...
[Groups.freedom.:main].DiplomacyText-Question-Neutral-Yes;Dude, this is great news!
[Groups.freedom.:main].DiplomacyText-Question-Alliance-No;O-o-o... Everything is clear with you, well, okay.
[Groups.freedom.:main].DiplomacyText-Question-Alliance-Yes;Man, this is great!
[Groups.freedom.:main].Text-End-Step-Victory;You survived! Victory!
[Groups.freedom.:main].Text-End-EventFlag-Victory;Victory by event flag!
[Groups.freedom.:main].Text-End-Standart-Lose;The faction was completely destroyed, now the Zone will be divided between other factions. Defeat!
[Groups.freedom.:main].Text-End-Step-Lose;Time's up, you failed to gain control of the Zone. Defeat!
[Groups.freedom.:main].Text-End-EventFlag-Lose;Defeat by event flag!
[Groups.freedom.Anarchy].Text-End-Standart-Victory;Victory! Soon, the Zone was declared a free quasi-state. The head of the SBU turned gray from the news published in the media. Secret documents discovered by the Freedom faction in the Zone's laboratories became publicly available. Now the whole world knows what happened in the Zone and how it came to be!
[Groups.freedom.Anarchy].Text-End-Standart-Lose;Your faction has been completely destroyed. The last of the Freedom soldiers have scattered, lacking the will to fight for the ideals of Freedom. Defeat!
[Groups.freedom.AntiZone].Text-End-Standart-Victory;Victory! It would seem the war is over. The Zone is controlled by a single faction. But not long ago, its ideology changed. And to one opposed by its founders. Even before the war ended, disagreements were brewing among the commanders. It seems a new «War in Zone» is brewing, one that will be purely ideological...
[Groups.freedom.Control].Text-End-Standart-Victory;Victory! Despite the capture of all territories, the situation hasn't stabilized. Many soldiers are dissatisfied with the current situation. Rumors are circulating that government forces are working among the leadership, as it was announced that several key territories, including the Chernobyl Nuclear Power Plant itself, have been transferred to military control. Commanders have already refused to obey orders from their superiors and are forming a unified resistance network. It appears a new phase of the «War in Zone» is approaching...
[Groups.freedom.Crime].Text-End-Standart-Victory;Victory! The Zone was soon declared a free quasi-state. But the faction's recent shift toward criminal activity has led to renewed chaos in the Zone. Within a week, a struggle for power and influence began. This led to new mass battles throughout the exclusion zone. The military has already prepared plans to take key locations, and assaults are about to begin. A new «War in Zone» is already beginning...
[Groups.freedom.Exploring].Text-End-Standart-Victory;Victory! Soon, the leadership contacted the government and made some concessions to avoid conflict with the outside world. The faction members generally supported this approach, as a well-studied enemy is much easier to fight. Stalkers on the ground have already experienced the first results of this cooperation: superior artifact-hunting equipment, more precise devices for identifying anomalous locations, and mutant vulnerabilities. This allowed the faction members to avoid noticing that the documents from the laboratories had been handed over to the government, and that everyone who knew about their contents had suddenly disappeared. They allegedly "lost interest in the Zone and decided to return home". And everyone who finds any documents in the Zone's dungeons continues to disappear to this day...
[Groups.freedom.Growth].Text-End-Standart-Victory;Victory! Soon, the Zone was declared a free quasi-state. The head of the SBU turned gray from the news published in the media. Secret documents discovered by the Freedom faction in the Zone's laboratories became publicly available. Now the whole world knows what happened in the Zone and how it came to be!
[Groups.freedom.Growth].Text-End-Standart-Lose;Your faction has been completely destroyed. The last of the Freedom soldiers have scattered, lacking the will to fight for the ideals of Freedom. Defeat!
[Groups.freedom.Mercenary].Text-End-Standart-Victory;Victory! The Zone is now controlled by a single faction. But recently, its priorities have shifted. Everyone's talking about money and how to make it easier... Organize a "safari for the rich from the outside world"? Or catch a mutant for sale? Perhaps smuggle a rare artifact through the perimeter into someone's private collection? This approach to the Zone hasn't pleased everyone. Among the group's ranks, there are those who still remember what true Freedom once was. They are gradually breaking away from the main force and occupying key points within the perimeter. It's highly likely that the Zone will face new clashes, with many deaths...
[Groups.freedom.Sectarianism].Text-End-Standart-Victory;Victory! It would seem the war is over. The Zone is controlled by a single faction. But recently, priorities have shifted. Everyone is talking about certain patrons from the north. Documents from the laboratories are disappearing into obscurity. Resentment is brewing among the ordinary soldiers over the strange religious speeches of their commanders. Not everyone is ready to be brainwashed by some incomprehensible sermons, especially those in the southern Zone. And recent news about the activation of psionic installations in the north made it clear there is no turning back. A new «War in Zone» is about to begin within the perimeter...
[Groups.freedom.Stability].Text-End-Standart-Victory;Victory! Soon, the faction began leaking information about the Zone to the media. But the Zone's unveiling to the world proceeded extremely slowly and deliberately. Some were under the impression that the elite were in no hurry to fight the government. Some claimed they were stalling because they were trying to enrich themselves as much as possible, while others said the group's leaders didn't want to lose the power they held, and still others claimed the leader had caved in to the government's demands. There was virtually no discontent among the rank-and-file soldiers, as no one was being deprived of their livelihoods, but the ideologically charged commanders began plotting a coup.
[Groups.freedom.Stalkers].Text-End-Standart-Victory;Victory! Soon, the Zone was declared a free quasi-state. But unlike Freedom's original goal of uncovering the Zone's secrets, the current objectives, following a recent shift in priorities, somehow bypassed these secrets. Not entirely. Several scandals were guaranteed for the government following the media publication. After this, the government increased pressure on the faction's leadership, leading to a split. The once united faction fragmented into dozens of smaller ones. However, this did not lead to a new war, only to a few minor conflicts. The military, deciding this was their chance, began preparations for a new operation to seize key locations in the Zone. Will the fragmented group be able to defend its territory? It remains to be seen...
[Groups.freedom.Unknow].Text-End-Standart-Victory;Victory! Soon, the Zone was declared a free quasi-state. The head of the SBU turned gray from the news published in the media. Secret documents discovered by the Freedom faction in the Zone's laboratories became publicly available. Now the whole world knows what happened in the Zone and how it came to be!
[Groups.freedom.Unknow].Text-End-Standart-Lose;Your faction has been completely destroyed. The last of the Freedom soldiers have scattered, lacking the will to fight for the ideals of Freedom. Defeat!
[Groups.freedom.Zombie].Text-End-Standart-Victory;Victory! Now O-Consciousness is safe. Soon, psi-radiation covered the entire Zone thanks to the increased number of emitters. Even the Cordon became dangerous. The government, although didn't release mutants from the Zone, no longer tried to retake it...
[Groups.Mercenaries.:main].Spy1-Name;Newbie
[Groups.Mercenaries.:main].Spy2-Name;Experienced
[Groups.Mercenaries.:main].Spy3-Name;Veteran
[Groups.Mercenaries.:main].Spy4-Name;Master
[Groups.Mercenaries.:main].Name;Mercenaries
[Groups.Mercenaries.:main].Description;The Mercenaries are a rather secretive paramilitary faction specializing in carrying out orders from both within and outside the Zone. Their location is not ideal for controlling their territory, so the leader's goal will likely be to relocate the faction's base to a more sophisticated and convenient one.
[Groups.Mercenaries.:main].DiplomacyText-Question-War;Someone put a hit on you. Nothing personal. Just business.
[Groups.Mercenaries.:main].DiplomacyText-Question-Neutral;This war is not beneficial to either of us. How about peace?
[Groups.Mercenaries.:main].DiplomacyText-Question-Alliance;We would benefit from closer cooperation with you. Do you agree?
[Groups.Mercenaries.:main].DiplomacyText-Question-BreakAlliance;We will no longer cooperate with you.
[Groups.Mercenaries.:main].DiplomacyText-RequestMoney-Ask;We've had a couple of hitches with some contracts. We could use financial assistance in this amount:
[Groups.Mercenaries.:main].DiplomacyText-Ans-0-Down;We will not do business with you anymore!
[Groups.Mercenaries.:main].DiplomacyText-Ans-1-Down;It's sad, you're missing out on your benefit.
[Groups.Mercenaries.:main].DiplomacyText-Ans-1-No;It is not profitable for us now.
[Groups.Mercenaries.:main].DiplomacyText-Ans-1-Yes;Okay, we hope for a mutually beneficial partnership.
[Groups.Mercenaries.:main].DiplomacyText-Ans-2-No;At the moment, it is not profitable for us.
[Groups.Mercenaries.:main].DiplomacyText-Ans-2-Yes;Ok, it's profitable for us.
[Groups.Mercenaries.:main].DiplomacyText-RequestMoney-Ans-No;We don't have many bonuses from contracts right now, so we can't help.
[Groups.Mercenaries.:main].DiplomacyText-RequestMoney-Ans-Yes;Okay, we transferred it.
[Groups.Mercenaries.:main].DiplomacyText-Question-Neutral-No;Refused? Well, okay.
[Groups.Mercenaries.:main].DiplomacyText-Question-Neutral-Yes;Excellent, it's good that you agreed!
[Groups.Mercenaries.:main].DiplomacyText-Question-Alliance-No;Refused? Well, okay.
[Groups.Mercenaries.:main].DiplomacyText-Question-Alliance-Yes;Excellent, it's good that you agreed!
[Groups.Mercenaries.:main].Text-End-Step-Victory;You survived! Victory!
[Groups.Mercenaries.:main].Text-End-EventFlag-Victory;Victory by event flag!
[Groups.Mercenaries.:main].Text-End-Standart-Lose;The faction was completely destroyed, now the Zone will be divided between other factions. Defeat!
[Groups.Mercenaries.:main].Text-End-Step-Lose;Time's up, you failed to gain control of the Zone. Defeat!
[Groups.Mercenaries.:main].Text-End-EventFlag-Lose;Defeat by event flag!
[Groups.Mercenaries.Anarchy].Text-End-Standart-Victory;Victory! Soon, the faction's leadership began openly clashing with the government. Numerous documents were actively leaked to the media for lucrative mercenary rewards. Government forces are already preparing a new plan to storm key territories. It looks like a new «War in Zone» will begin very soon...
[Groups.Mercenaries.AntiZone].Text-End-Standart-Victory;Victory! Soon, the faction's leadership reached an agreement with the government. Part of the territory was transferred to the control of the Military. Many mercenaries decided to leave the Zone, as everything had devolved into contracts for artifact searches and mutant hunts. It seems no new major wars are expected in the Exclusion Zone...
[Groups.Mercenaries.Control].Text-End-Standart-Victory;Victory! Soon, the faction's leadership reached an agreement with the government. Part of the territory was transferred to the control of the Military. Many mercenaries decided to leave the Zone, as everything had devolved into contracts for artifact searches and mutant hunts. It seems no new major wars are expected in the Exclusion Zone...
[Groups.Mercenaries.Crime].Text-End-Standart-Victory;Victory! The Zone soon became a major base for mercenaries from all over the world. The criminal element grew steadily. The mutant population was poorly controlled. Minor clashes constantly erupted throughout the Exclusion Zone. This was unlikely to end well...
[Groups.Mercenaries.Exploring].Text-End-Standart-Victory;Victory! Soon, the faction's leadership reached an agreement with the government. Part of the territory was transferred to the control of the Military. Many mercenaries decided to leave the Zone, as everything had devolved into contracts for artifact searches and mutant hunts. It seems no new major wars are expected in the Exclusion Zone...
[Groups.Mercenaries.Growth].Text-End-Standart-Victory;Victory! The Zone soon became a major base for mercenaries from all over the world. Soldiers were trained there for deployment to any of the planet's hot spots. The mutant population was strictly controlled. They even organized «safaris» for wealthy clients...
[Groups.Mercenaries.Growth].Text-End-Standart-Lose;Your faction has been completely destroyed. The last mercenaries have scattered to other factions that have offered them good pay. Defeat!
[Groups.Mercenaries.Mercenary].Text-End-Standart-Victory;Victory! The Zone soon became a major base for mercenaries from all over the world. Soldiers were trained there for deployment to any of the planet's hot spots. The mutant population was strictly controlled. They even organized «safaris» for wealthy clients...
[Groups.Mercenaries.Mercenary].Text-End-Standart-Lose;Your faction has been completely destroyed. The last mercenaries have scattered to other factions that have offered them good pay. Defeat!
[Groups.Mercenaries.Sectarianism].Text-End-Standart-Victory;Victory! The Zone soon became a major base for mercenaries from all over the world. Soldiers were trained there for deployment to any hotspot on the planet. These excellent soldiers, capable of carrying out any dirty orders without question, completely fearless - they were greatly admired by their clients, though they were perplexed by their religious views. The government delayed solving this problem for a long time, as all forecasts for the assaults predicted high casualties. A decision was made to organize multiple infiltrations to attempt to control the group. We'll see how this plays out...
[Groups.Mercenaries.Stability].Text-End-Standart-Victory;Victory! The Zone soon became a major base for mercenaries from all over the world. Soldiers were trained there for deployment to any of the planet's hot spots. The mutant population was strictly controlled. They even organized «safaris» for wealthy clients...
[Groups.Mercenaries.Stalkers].Text-End-Standart-Victory;Victory! The Zone soon became a major base for mercenaries from all over the world. Soldiers were trained there for deployment to any of the planet's hot spots. The mutant population was strictly controlled. They even organized «safaris» for wealthy clients...
[Groups.Mercenaries.Unknow].Text-End-Standart-Victory;Victory! The Zone soon became a major base for mercenaries from all over the world. Soldiers were trained there for deployment to any of the planet's hot spots. The mutant population was strictly controlled. They even organized «safaris» for wealthy clients...
[Groups.Mercenaries.Zombie].Text-End-Standart-Victory;Victory! Now O-Consciousness is safe. Soon, psi-radiation covered the entire Zone thanks to the increased number of emitters. Even the Cordon became dangerous. The government, although didn't release mutants from the Zone, no longer tried to retake it...
[Groups.monolith.:main].Spy1-Name;Newbie
[Groups.monolith.:main].Spy2-Name;Experienced
[Groups.monolith.:main].Spy3-Name;Veteran
[Groups.monolith.:main].Spy4-Name;Master
[Groups.monolith.:main].Name;Monolith
[Groups.monolith.:main].Description;Monolith is a faction that serves as the O-Consciousness' shield. Its primary goal is to protect the Zone from any external interference. It is extremely hostile to all other factions. Despite its superior weaponry, it has difficulty controlling its territory, as it is located in the northern part of the Zone.
[Groups.monolith.:main].DiplomacyText-Question-War;Find and eradicate!
[Groups.monolith.:main].DiplomacyText-Question-Neutral;The Monolith has commanded us to make peace with you. Do you agree or not?
[Groups.monolith.:main].DiplomacyText-Question-Alliance;The Monolith told us to become your friends.
[Groups.monolith.:main].DiplomacyText-Question-BreakAlliance;The Monolith is unhappy with our union!
[Groups.monolith.:main].DiplomacyText-RequestMoney-Ask;By the will of the Great Monolith, we are sending you a request for a money transfer for our brothers in the following amount:
[Groups.monolith.:main].DiplomacyText-Ans-0-Down;Detect and eradicate! *The interlocutor has added you to the blacklist*
[Groups.monolith.:main].DiplomacyText-Ans-1-Down;Monolith would definitely not approve of this! *The interlocutor has removed you from their friends list*
[Groups.monolith.:main].DiplomacyText-Ans-1-No;You will know the wrath of the Monolith! *The interlocutor has left the chat*
[Groups.monolith.:main].DiplomacyText-Ans-1-Yes;And the day will come, and the Monolith will shine again in its glory! *The interlocutor has left the chat*
[Groups.monolith.:main].DiplomacyText-Ans-2-No;The Monolith definitely won't give its consent. *The interlocutor has left the chat*
[Groups.monolith.:main].DiplomacyText-Ans-2-Yes;Trust no one but Monolith and its brothers, no one. *The interlocutor has added you as a friend*
[Groups.monolith.:main].DiplomacyText-RequestMoney-Ans-No;Monolith said to show no mercy to the infidels! *The interlocutor has excluded you from the chat*
[Groups.monolith.:main].DiplomacyText-RequestMoney-Ans-Yes;The Monolith told me to show compassion to the blind and make you a money transfer.
[Groups.monolith.:main].DiplomacyText-Question-Neutral-No;Then we will find you and destroy you!
[Groups.monolith.:main].DiplomacyText-Question-Neutral-Yes;It couldn't be otherwise. Everything is by the will of the Great Monolith!
[Groups.monolith.:main].DiplomacyText-Question-Alliance-No;It is in vain that you do not follow the will of the Monolith.
[Groups.monolith.:main].DiplomacyText-Question-Alliance-Yes;Let our brothers rejoice and our enemies be terrified!
[Groups.monolith.:main].Text-End-Step-Victory;You survived! Victory!
[Groups.monolith.:main].Text-End-EventFlag-Victory;Victory by event flag!
[Groups.monolith.:main].Text-End-Standart-Lose;The faction was completely destroyed, now the Zone will be divided between other factions. Defeat!
[Groups.monolith.:main].Text-End-Step-Lose;Time's up, you failed to gain control of the Zone. Defeat!
[Groups.monolith.:main].Text-End-EventFlag-Lose;Defeat by event flag!
[Groups.monolith.Anarchy].Text-End-Standart-Victory;Victory! The Monolith has secure control of the Zone. But that's only an appearance from the outside. Due to the lack of power from their psionic installations, people in the southern Zone are gradually regaining consciousness. Many are regaining their memories. In some places, clashes are brewing. Preachers are already reporting a rise in resistance. Entire units are refusing to obey orders. It appears they are planning to liberate their comrades in the north... A new «War in Zone» is coming...
[Groups.monolith.AntiZone].Text-End-Standart-Victory;Victory! The Monolith has secure control of the Zone. But that's only an appearance from the outside. Due to the lack of power from their psionic installations, people in the southern Zone are gradually regaining consciousness. Many are regaining their memories. In some places, clashes are brewing. Preachers are already reporting a rise in resistance. Entire units are refusing to obey orders. It appears they are planning to liberate their comrades in the north... A new «War in Zone» is coming...
[Groups.monolith.Control].Text-End-Standart-Victory;Victory! The Monolith has secure control of the Zone. But that's only an appearance from the outside. Due to the lack of power from their psionic installations, people in the southern Zone are gradually regaining consciousness. Many are regaining their memories. In some places, clashes are brewing. Preachers are already reporting a rise in resistance. Entire units are refusing to obey orders. It appears they are planning to liberate their comrades in the north... A new «War in Zone» is coming...
[Groups.monolith.Crime].Text-End-Standart-Victory;
[Groups.monolith.Exploring].Text-End-Standart-Victory;Victory! The Monolith has secure control of the Zone. But that's only an appearance from the outside. Due to the lack of power from their psionic installations, people in the southern Zone are gradually regaining consciousness. Many are regaining their memories. In some places, clashes are brewing. Preachers are already reporting a rise in resistance. Entire units are refusing to obey orders. It appears they are planning to liberate their comrades in the north... A new «War in Zone» is coming...
[Groups.monolith.Growth].Text-End-Standart-Victory;Victory! Monolith securely controls the Zone. The government no longer interferes. Monolithists shoot anyone who tries to enter the Zone. Soon, it is completely closed to outsiders...
[Groups.monolith.Mercenary].Text-End-Standart-Victory;Victory! The Monolith has secure control of the Zone. But that's only an appearance from the outside. Due to the lack of power from their psionic installations, people in the southern Zone are gradually regaining consciousness. Many are regaining their memories. In some places, clashes are brewing. Preachers are already reporting a rise in resistance. Entire units are refusing to obey orders. It appears they are planning to liberate their comrades in the north... A new «War in Zone» is coming...
[Groups.monolith.Sectarianism].Text-End-Standart-Victory;Victory! Monolith securely controls the Zone. The government no longer interferes. Monolithists shoot anyone who tries to enter the Zone. Soon, it is completely closed to outsiders...
[Groups.monolith.Stability].Text-End-Standart-Victory;Victory! The Monolith has secure control of the Zone. But that's only an appearance from the outside. Due to the lack of power from their psionic installations, people in the southern Zone are gradually regaining consciousness. Many are regaining their memories. In some places, clashes are brewing. Preachers are already reporting a rise in resistance. Entire units are refusing to obey orders. It appears they are planning to liberate their comrades in the north... A new «War in Zone» is coming...
[Groups.monolith.Stalkers].Text-End-Standart-Victory;Victory! The Monolith has secure control of the Zone. But that's only an appearance from the outside. Due to the lack of power from their psionic installations, people in the southern Zone are gradually regaining consciousness. Many are regaining their memories. In some places, clashes are brewing. Preachers are already reporting a rise in resistance. Entire units are refusing to obey orders. It appears they are planning to liberate their comrades in the north... A new «War in Zone» is coming...
[Groups.monolith.Unknow].Text-End-Standart-Victory;Victory! Monolith securely controls the Zone. The government no longer interferes. Monolithists shoot anyone who tries to enter the Zone. Soon, it is completely closed to outsiders...
[Groups.monolith.Zombie].Text-End-Standart-Victory;Victory! The Monolith is now safe. Soon, psi-radiation blanketed the entire Zone thanks to the increased number of emitters. Even the Cordon became dangerous. The government, while keeping mutants out of the Zone, no longer attempted to retake it...
[Groups.scientists.:main].Spy1-Name;Newbie
[Groups.scientists.:main].Spy2-Name;Experienced
[Groups.scientists.:main].Spy3-Name;Veteran
[Groups.scientists.:main].Spy4-Name;Master
[Groups.scientists.:main].Name;Scientists
[Groups.scientists.:main].Description;TheStientists' primary mission is to study the Zone, not combat its manifestations in the form of criminals and mutants. They have a base in the Yantar location. They are completely unsuited for combat, but they have a good chance of finding artifacts right from the start.
[Groups.scientists.:main].DiplomacyText-Question-War;You fools! You only get in our way. It's time to teach you a lesson.
[Groups.scientists.:main].DiplomacyText-Question-Neutral;Hello. We want to offer you peace. Do you agree or not?
[Groups.scientists.:main].DiplomacyText-Question-Alliance;Greetings. We want to become your partners, or, as they say, allies, for the good of science. Do you agree or not?
[Groups.scientists.:main].DiplomacyText-Question-BreakAlliance;I'm sorry, but we are no longer interested in cooperation.
[Groups.scientists.:main].DiplomacyText-RequestMoney-Ask;Greetings! We've had a slight hitch with funding for our experiments. Could you please transfer us, for the benefit of science, the following amount:
[Groups.scientists.:main].DiplomacyText-Ans-0-Down;Then defend yourself!
[Groups.scientists.:main].DiplomacyText-Ans-1-Down;It's very bad, but nothing can be done...
[Groups.scientists.:main].DiplomacyText-Ans-1-No;We don't agree to this.
[Groups.scientists.:main].DiplomacyText-Ans-1-Yes;Okay, we agree!
[Groups.scientists.:main].DiplomacyText-Ans-2-No;No, we think it's not time yet...
[Groups.scientists.:main].DiplomacyText-Ans-2-Yes;Agreed.
[Groups.scientists.:main].DiplomacyText-RequestMoney-Ans-No;Unfortunately, we cannot help, as we are currently in a difficult financial situation due to reduced funding and the small number of grants received.
[Groups.scientists.:main].DiplomacyText-RequestMoney-Ans-Yes;Hello! Yes, we have completed the money transfer for the amount specified.
[Groups.scientists.:main].DiplomacyText-Question-Neutral-No;This is extremely short-sighted on your part.
[Groups.scientists.:main].DiplomacyText-Question-Neutral-Yes;Excellent! It's good that you agreed.
[Groups.scientists.:main].DiplomacyText-Question-Alliance-No;You refused? And we were counting on you...
[Groups.scientists.:main].DiplomacyText-Question-Alliance-Yes;Excellent, my friend! We are glad that you agreed.
[Groups.scientists.:main].Text-End-Step-Victory;You survived! Victory!
[Groups.scientists.:main].Text-End-EventFlag-Victory;Victory by event flag!
[Groups.scientists.:main].Text-End-Standart-Lose;The faction was completely destroyed, now the Zone will be divided between other groups. Defeat!
[Groups.scientists.:main].Text-End-Step-Lose;Time's up, you failed to gain control of the Zone. You are dismissed. Defeat!
[Groups.scientists.:main].Text-End-EventFlag-Lose;Defeat by event flag!
[Groups.scientists.Anarchy].Text-End-Standart-Victory;Victory! The government took control of the Zone, and as soon as it reviewed the documents from the laboratories, it decided to immediately classify everything. Weapons, human experiments, the reason for the Zone's existence... It seemed it would remain a secret forever... But leaks began to appear constantly in the media. Some of them were catastrophic. Under public pressure, investigations with open hearings were launched. This will certainly lead to every secret eventually coming to light...
[Groups.scientists.AntiZone].Text-End-Standart-Victory;Victory! The government took control of the Zone, and as soon as they reviewed the documents from the laboratories, they decided to immediately classify everything. The weapons, the human experiments, the reason for the Zone's creation... Now it will remain a secret forever...
[Groups.scientists.Control].Text-End-Standart-Victory;Victory! The government took control of the Zone, and as soon as they reviewed the documents from the laboratories, they decided to immediately classify everything. The weapons, the human experiments, the reason for the Zone's creation... Now it will remain a secret forever...
[Groups.scientists.Crime].Text-End-Standart-Victory;Victory! The government seized control of the Zone with the help of a faction. Due to the lack of proper chain of command, theft and sloppiness began to flourish. For some reason, ammunition for research was in short supply, either because it was unusable or because the necessary supplies were out of stock. Scientists were not studying artifacts and mutants, but secretly selling them abroad. It's unclear what this attitude toward the Zone will lead to, but it's unlikely to be anything good.
[Groups.scientists.Exploring].Text-End-Standart-Victory;Victory! The government took control of the Zone, and as soon as they reviewed the documents from the laboratories, they decided to immediately classify everything. The weapons, the human experiments, the reason for the Zone's creation... Now it will remain a secret forever...
[Groups.scientists.Exploring].Text-End-Standart-Lose;The Zone is a dangerous place. After the destruction of a faction of scientists, the government decided it would no longer risk civilians. You are fired! Defeat!
[Groups.scientists.Growth].Text-End-Standart-Victory;Victory! The government took control of the Zone, and as soon as they reviewed the documents from the laboratories, they decided to immediately classify everything. The weapons, the human experiments, the reason for the Zone's creation... Now it will remain a secret forever...
[Groups.scientists.Growth].Text-End-Standart-Lose;The Zone is a dangerous place. After the destruction of a faction of scientists, the government decided it would no longer risk civilians. You are fired! Defeat!
[Groups.scientists.Mercenary].Text-End-Standart-Victory;Victory! Government forces, led by civilians, have taken control of the entire exclusion zone and are now rapidly restoring order. But the scientists were driven by a desire for profit. Some began accepting dubious contracts from private firms. Research or money? This was the question on everyone's mind...
[Groups.scientists.Sectarianism].Text-End-Standart-Victory;Victory! The government had taken control of the Zone, but local commanders were increasingly wary of respecting the chain of command. Rotation wasn't helping. The SBU reported some element of sectarianism among the commanders, but they couldn't investigate further. The commanders skillfully covered their tracks. So much so that even the O-Consciousness mentioned in the recovered documents was never found...
[Groups.scientists.Stability].Text-End-Standart-Victory;Victory! The government took control of the Zone, and as soon as they reviewed the documents from the laboratories, they decided to immediately classify everything. The weapons, the human experiments, the reason for the Zone's creation... Now it will remain a secret forever...
[Groups.scientists.Stalkers].Text-End-Standart-Victory;Victory! The government took control of the Zone, and as soon as they reviewed the documents from the laboratories, they decided to immediately classify everything. The weapons, the human experiments, the reason for the Zone's creation... Now it will remain a secret forever...
[Groups.scientists.Unknow].Text-End-Standart-Victory;Victory! The government took control of the Zone, and as soon as they reviewed the documents from the laboratories, they decided to immediately classify everything. The weapons, the human experiments, the reason for the Zone's creation... Now it will remain a secret forever...
[Groups.scientists.Unknow].Text-End-Standart-Lose;The Zone is a dangerous place. After the destruction of a faction of scientists, the government decided it would no longer risk civilians. You are fired! Defeat!
[Groups.scientists.Zombie].Text-End-Standart-Victory;Victory! Now O-Consciousness is safe. Soon, psi-radiation covered the entire Zone thanks to the increased number of emitters. Even the Cordon became dangerous. The government, although didn't release mutants from the Zone, no longer tried to retake it...
[Groups.soldiers.:main].Spy1-Name;Newbie
[Groups.soldiers.:main].Spy2-Name;Experienced
[Groups.soldiers.:main].Spy3-Name;Veteran
[Groups.soldiers.:main].Spy4-Name;Master
[Groups.soldiers.:main].Name;Military
[Groups.soldiers.:main].Description;The Military is the state force within the Zone. They consider all living things within the perimeter to be their enemies, except for the Ecologists. They have excellent equipment for fighting any stalkers, but are ill-equipped to deal with the Zone's anomalous creatures.
[Groups.soldiers.:main].DiplomacyText-Question-War;Your presence in the Zone is now considered illegal. If caught, you'll be shot on the spot!
[Groups.soldiers.:main].DiplomacyText-Question-Neutral;Command believes we need to reduce operational activity. How about a ceasefire?
[Groups.soldiers.:main].DiplomacyText-Question-Alliance;Command believes we need an ally in the Zone to conduct operations. Do you agree?
[Groups.soldiers.:main].DiplomacyText-Question-BreakAlliance;We will no longer cooperate!
[Groups.soldiers.:main].DiplomacyText-RequestMoney-Ask;The government requires financial assistance for a new mansion for the general... Ahem. For... For the performance of special tasks in this amount. Can you help?
[Groups.soldiers.:main].DiplomacyText-Ans-0-Down;We'll grind you into dust!
[Groups.soldiers.:main].DiplomacyText-Ans-1-Down;How else should this be understood?
[Groups.soldiers.:main].DiplomacyText-Ans-1-No;No, we cannot turn a blind eye to your presence in the Zone.
[Groups.soldiers.:main].DiplomacyText-Ans-1-Yes;Okay, we'll turn a blind eye to your presence in the Zone...
[Groups.soldiers.:main].DiplomacyText-Ans-2-No;No, we cannot turn a blind eye to your presence in the Zone.
[Groups.soldiers.:main].DiplomacyText-Ans-2-Yes;The army needs an ally in the Zone. Okay, we agree.
[Groups.soldiers.:main].DiplomacyText-RequestMoney-Ans-No;No, we do not provide financial assistance!
[Groups.soldiers.:main].DiplomacyText-RequestMoney-Ans-Yes;Yes,our management has agreed to help you with finances.
[Groups.soldiers.:main].DiplomacyText-Question-Neutral-No;Refused? Well... That was a mistake!
[Groups.soldiers.:main].DiplomacyText-Question-Neutral-Yes;Excellent, it?s good that you agreed!
[Groups.soldiers.:main].DiplomacyText-Question-Alliance-No;Refused? Well... That was a mistake!
[Groups.soldiers.:main].DiplomacyText-Question-Alliance-Yes;Excellent, it?s good that you agreed!
[Groups.soldiers.:main].Text-End-Step-Victory;You survived! Victory!
[Groups.soldiers.:main].Text-End-EventFlag-Victory;Victory by event flag!
[Groups.soldiers.:main].Text-End-Standart-Lose;The faction was completely destroyed, now the Zone will be divided between other factions. Defeat!
[Groups.soldiers.:main].Text-End-Step-Lose;Time's up, you failed to gain control of the Zone. You have been demoted. Defeat!
[Groups.soldiers.:main].Text-End-EventFlag-Lose;Defeat by event flag!
[Groups.soldiers.Anarchy].Text-End-Standart-Victory;Victory! The government took control of the Zone, and as soon as it reviewed the documents from the laboratories, it decided to immediately classify everything. But some of the documentation somehow ended up in the public's hands. Weapons, human experiments, the reason for the Zone's creation... Now much of this has become public knowledge...
[Groups.soldiers.AntiZone].Text-End-Standart-Victory;Victory! The government took control of the Zone, and as soon as they reviewed the documents from the laboratories, they decided to immediately classify everything. Weapons, human experiments, the reason for the Zone's existence... Now it will forever remain a secret... The new priority became the destruction of any manifestations of the Zone. The main target: mutants. Special teams armed with shotguns and flamethrowers were formed to exterminate any creature, even small rats. Eliminating the anomalous manifestations of the Zone is the new government order that must be carried out.
[Groups.soldiers.Control].Text-End-Standart-Victory;Victory! The government took control of the Zone, and as soon as they reviewed the documents from the laboratories, they decided to immediately classify everything. The weapons, the human experiments, the reason for the Zone's creation... Now it will remain a secret forever...
[Groups.soldiers.Control].Text-End-Standart-Lose;There are no military personnel left in the Zone... Now it's unknown how things will end without government forces. You are demoted for failure! Defeat!
[Groups.soldiers.Crime].Text-End-Standart-Victory;Victory! The government took control of the Zone. But corruption and neglect flourished. For some reason, there wasn't enough ammunition for raids against mutants, either because it was unusable or because the necessary supplies were out of stock. The perimeter guards weren't guarding, but rather collecting bribes to transport prohibited items, like artifacts. It's unclear what this lack of attention to the Zone will lead to, but it's unlikely to be anything good.
[Groups.soldiers.Exploring].Text-End-Standart-Victory;Victory! Government forces had taken control of the entire exclusion zone and were now rapidly restoring order. Ensuring the safety of research teams became a new priority. Various small units of special forces soldiers were formed for operations in particularly dangerous conditions. This was the name given to the underground complexes and laboratories, which, to the generals' surprise, turned out to be several times larger than initially anticipated. All information obtained was quickly classified, and the public knew only what the government told them about the Zone.
[Groups.soldiers.Growth].Text-End-Standart-Victory;Victory! The government took control of the Zone, and as soon as they reviewed the documents from the laboratories, they decided to immediately classify everything. The weapons, the human experiments, the reason for the Zone's creation... Now it will remain a secret forever...
[Groups.soldiers.Growth].Text-End-Standart-Lose;There are no military personnel left in the Zone... Now it's unknown how things will end without government forces. You are demoted for failure! Defeat!
[Groups.soldiers.Growth].Text-End-Step-Lose;Time's up, you have failed to gain control of the Zone. You have been demoted. Defeat!
[Groups.soldiers.Mercenary].Text-End-Standart-Victory;Victory! Government forces had taken control of the entire exclusion zone and were now rapidly restoring order. But corruption was rampant among the commanders. Some began to profit from dubious contracts with private firms. Various small detachments of soldiers formed, collecting artifacts and capturing mutants for private «collectors». Service or money? This was the question everyone was asking themselves...
[Groups.soldiers.Sectarianism].Text-End-Standart-Victory;Victory! The government had taken control of the Zone, but local commanders were increasingly wary of respecting the chain of command. Rotation wasn't helping. The SBU reported some element of sectarianism among the commanders, but they couldn't investigate further. The commanders skillfully covered their tracks. So much so that even the O-Consciousness mentioned in the recovered documents was never found...
[Groups.soldiers.Stability].Text-End-Standart-Victory;Victory! Government forces had managed to take control of the entire exclusion zone and were now rapidly restoring order. Various small units of special forces soldiers were formed for operations in particularly dangerous conditions. This was the name given to the underground complexes and laboratories, which, to the generals' surprise, turned out to be several times larger than initially anticipated. All information obtained was quickly classified, and the public knew only what the government told them about the Zone.
[Groups.soldiers.Stalkers].Text-End-Standart-Victory;Victory! The government took control of the Zone. They decided not only to fight the Zone but also to secretly profit from it. Several secret squads of military stalkers were formed to search for particularly valuable artifacts, which were then sold on the black market abroad to enrich certain elites. This is how the so-called «artifact oligarchs» subsequently emerged...
[Groups.soldiers.Unknow].Text-End-Standart-Victory;Victory! The government took control of the Zone, and as soon as they reviewed the documents from the laboratories, they decided to immediately classify everything. The weapons, the human experiments, the reason for the Zone's creation... Now it will remain a secret forever...
[Groups.soldiers.Unknow].Text-End-Standart-Lose;There are no military personnel left in the Zone... Now it's unknown how things will end without government forces. You are demoted for failure! Defeat!
[Groups.soldiers.Unknow].Text-End-Step-Lose;Time's up, you have failed to gain control of the Zone. You have been demoted. Defeat!
[Groups.soldiers.Zombie].Text-End-Standart-Victory;Victory! Now O-Consciousness is safe. Soon, psi-radiation covered the entire Zone thanks to the increased number of emitters. Even the Cordon became dangerous. The government, although didn't release mutants from the Zone, no longer tried to retake it...
[Groups.stalkers.:main].Spy1-Name;Newbie
[Groups.stalkers.:main].Spy2-Name;Experienced
[Groups.stalkers.:main].Spy3-Name;Veteran
[Groups.stalkers.:main].Spy4-Name;Master
[Groups.stalkers.:main].Name;Free Stalkers
[Groups.stalkers.:main].Description;Free Stalkers lack a clear hierarchy and leader. Their predisposition to searching for artifacts can be considered an advantage, which can have a positive impact on their financial situation in capable hands. However, the territories under their control are scattered across locations, making them very difficult to maintain. The faction needs to prioritize its development.
[Groups.stalkers.:main].DiplomacyText-Question-War;We declare war on you!
[Groups.stalkers.:main].DiplomacyText-Question-Neutral;It's time to end this carnage, we are ready for peace, and you?
[Groups.stalkers.:main].DiplomacyText-Question-Alliance;We want to form an alliance with you. Do you agree?
[Groups.stalkers.:main].DiplomacyText-Question-BreakAlliance;We are dissolving the union!
[Groups.stalkers.:main].DiplomacyText-RequestMoney-Ask;We're having some financial difficulties. We could use some help. We're looking for a sum of money like this:
[Groups.stalkers.:main].DiplomacyText-Ans-0-Down;What a rat you are! If it's war, let's have war!
[Groups.stalkers.:main].DiplomacyText-Ans-1-Down;So be it.
[Groups.stalkers.:main].DiplomacyText-Ans-1-No;At the moment we don't see any need for this.
[Groups.stalkers.:main].DiplomacyText-Ans-1-Yes;Yes, we agree to a ceasefire.
[Groups.stalkers.:main].DiplomacyText-Ans-2-No;We're not sure we need it right now.
[Groups.stalkers.:main].DiplomacyText-Ans-2-Yes;Yes, we agree to cooperate.
[Groups.stalkers.:main].DiplomacyText-RequestMoney-Ans-No;Unfortunately, we are currently unable to provide such assistance.
[Groups.stalkers.:main].DiplomacyText-RequestMoney-Ans-Yes;Okay, we will transfer this amount to you.
[Groups.stalkers.:main].DiplomacyText-Question-Neutral-No;It's a pity that you refused!
[Groups.stalkers.:main].DiplomacyText-Question-Neutral-Yes;Good! We're glad you agree!
[Groups.stalkers.:main].DiplomacyText-Question-Alliance-No;It's a pity that you refused!
[Groups.stalkers.:main].DiplomacyText-Question-Alliance-Yes;Good! We're glad you agree!
[Groups.stalkers.:main].Text-End-Step-Victory;You survived! Victory!
[Groups.stalkers.:main].Text-End-EventFlag-Victory;Victory by event flag!
[Groups.stalkers.:main].Text-End-Standart-Lose;The faction was completely destroyed, now the Zone will be divided between other factions. Defeat!
[Groups.stalkers.:main].Text-End-Step-Lose;Time's up, you failed to gain control of the Zone. Defeat!
[Groups.stalkers.:main].Text-End-EventFlag-Lose;Defeat by event flag!
[Groups.stalkers.Anarchy].Text-End-Standart-Victory;Victory! Soon, a unified stalker faction developed a set of rules similar to those of the Freedom group, but with some clear differences. The emphasis was on money, not the idea. After some time, «separate» interest groups began to form within the faction, leading to a schism at the top. Many began to talk about the imminent beginning of a new phase of the «War in Zone»...
[Groups.stalkers.AntiZone].Text-End-Standart-Victory;Victory! Soon, a unified stalker group developed a set of rules similar to those of the Duty faction, but without the military slant. Not everyone liked this, but dissent remained silent, as the new leadership fought tooth and nail against any manifestations of the Zone, allowing for safer collection of artifacts and freedom from bandits. Mutant hunting was rigorously implemented, so much so that even blind dogs were unseen in the south. The faction's command actively collaborated with the Scientists and tried to avoid conflict with the Military, leading to a new phase of exploration of the Zone, but its secrets were extremely reluctantly revealed to the public.
[Groups.stalkers.Control].Text-End-Standart-Victory;Victory! Soon, the stalkers developed a set of rules designed to establish order in the Zone. Even military ranks replaced ranks. No trace remained of the old command chaos. A clear system of subordination and command was established; newcomers to the Zone were forcibly integrated into this hierarchy, and those who disagreed were immediately handed over to the Military Abroad without further ado. Rumors circulated that members of the military leadership were at the top of the faction, but no one could prove it. Or perhaps they never had time to publish evidence because the Military took them to an unknown location. The Zone became less open but safer, especially for government organizations.
[Groups.stalkers.Crime].Text-End-Standart-Victory;Victory! Soon, the stalkers established a rule that there would be only one group in the Zone, with each person obligated to pay a share, and a tax was collected from traders. Those who couldn't pay were handed over to the military beyond the border. The Zone became less open to government scrutiny, and the criminal nature of the situation reduced the influx of new people into the territory protected by the stalkers.
[Groups.stalkers.Exploring].Text-End-Standart-Victory;Victory! Soon, a faction of freelance stalkers began actively collaborating with all the scientists within the Zone. Obtaining mutant body parts, artifacts, measuring anomalous activity... Everyone began making a living this way. A real hunt began for any documents from the underground laboratories. It wasn't enough just to obtain them... They also had to somehow get these papers to the nearest Scientists' bunker. And the fact that there were now an order of magnitude more bunkers didn't help. Bounty hunters are the new scourge of the Zone. If anyone found out that a stalker had even a single piece of paper from the lab, or, at worst, an item even remotely valuable to the scientists... They could easily be written off as dead. They wouldn't reach any bunker. People in the Zone split into two groups - those who extracted things, and those who hunted down those who had managed to obtain anything. There was gunfire everywhere. Gradually, the Zone became more and more dangerous...
[Groups.stalkers.Growth].Text-End-Standart-Victory;Victory! Soon, free stalkers established a rule that there would no longer be any gangs in the Zone, and those who decided to engage in banditry were handed over to the military abroad. The Zone became open to anyone who wanted to explore. And less dangerous.
[Groups.stalkers.Growth].Text-End-Standart-Lose;The loners have been completely wiped out, and now the Zone will be divided only between factions. There are no free stalkers left! Defeat!
[Groups.stalkers.Mercenary].Text-End-Standart-Victory;Victory! Soon, the faction of freelance stalkers began to resemble ordinary mercenaries more and more. The clear hierarchy was crumbling, the group was fragmenting. «Orders» began to rule the current order. Murders became so frequent that the Zone became filled with «professional killers». But while people squabbled among themselves for the money they so dearly loved, the Zone became much more dangerous, as the monsters were paid far less attention than they should have been. Rumors were swirling that several new, previously unknown, and extremely dangerous monsters had already been sighted in the Cordon.
[Groups.stalkers.Sectarianism].Text-End-Standart-Victory;Victory! Soon, the faction of free stalkers began to resemble a cult more and more. Rumors circulated among the lower ranks that the «top brass» were under the influence of «certain forces from the north». Religious phrases increasingly appeared in the commanders' speeches. Active military operations were underway against government forces to expand their influence beyond the perimeter. Brainwashing of the faction members intensified with each passing day, but some remained resilient and protected their minds. Most of them remained in the south, as they were immune to the psionic installations that had been reactivated. A new phase of the «War in Zone» was brewing...
[Groups.stalkers.Stability].Text-End-Standart-Victory;Victory! Soon, the faction of free stalkers, lacking external enemies, began to look for them within themselves. Intrigues, scandals, executions... This is what the faction had become. The stalkers' tasks devolved to guarding and clearing the main routes in the Zone, while outlying areas received virtually no attention. This led to an increase in the number of mutants and those who fled there to escape all this internal squabbling. The faction cooperated with the Scientists and the Military, but reluctantly, which led government forces to consider establishing a new base within the perimeter, which could lead to new clashes within the Zone's perimeter...
[Groups.stalkers.Stalkers].Text-End-Standart-Victory;Victory! Soon, free stalkers established a rule that there would no longer be any gangs in the Zone, and those who decided to engage in banditry were handed over to the military abroad. The Zone became open to anyone who wanted to explore. And less dangerous.
[Groups.stalkers.Stalkers].Text-End-Standart-Lose;The loners have been completely wiped out, and now the Zone will be divided only between factions. There are no free stalkers left! Defeat!
[Groups.stalkers.Unknow].Text-End-Standart-Victory;Victory! Soon, free stalkers established a rule that there would no longer be any gangs in the Zone, and those who decided to engage in banditry were handed over to the military abroad. The Zone became open to anyone who wanted to explore. And less dangerous.
[Groups.stalkers.Unknow].Text-End-Standart-Lose;The loners have been completely wiped out, and now the Zone will be divided only between factions. There are no free stalkers left! Defeat!
[Groups.stalkers.Zombie].Text-End-Standart-Victory;Victory! Now O-Consciousness is safe. Soon, psi-radiation covered the entire Zone thanks to the increased number of emitters. Even the Cordon became dangerous. The government, although didn't release mutants from the Zone, no longer tried to retake it...
