[Form_Advisor].TitleText;Appointment of a new deputy commander of the faction's detachment
[Form_Advisor].Text1;Deputy detachment commander
[Form_Advisor].BTN_Appoint;Appoint a new deputy squad leader to replace the old one. The deputy's bonuses begin to apply from the moment of appointment.
[Form_Advisor].FHint1;The deputy commander of a faction's squad provides additional bonuses and influences the entire faction.
[Form_Advisor].LT_1;A new deputy commander has been appointed for the faction's detachment: %s
[Form_SearchArts].LHint_5;The sum of all bonuses and penalties from the faction's squad leader, deputy, internal faction rules, ideology, buildings, improvements, and terrain.
[Common_Strings].StatsHint0;Faction squad leader: %s
[Other].Exeption_37;Unknown squad leader: %s
[SpecialEvents.Burst].Name;Emission!
[SpecialEvents.Burst].Desc-Yes;A major emission occurred in the Zone. Mutants became more active and appeared to be on the verge of a rampage. Our soldiers successfully survived the emission, but even in shelters they struggled, so the following amount of medical supplies were used:
[SpecialEvents.Burst].Desc-No;A major emission occurred in the Zone. Mutants became more active and appeared to be on the verge of a rampage. Some soldiers were unable to survive the emission due to a shortage of medical supplies, which they were forced to use even in shelters.
[Advisors.Advisor-Mutants-1].Name;Unknown
[Advisors.Advisor-Stalkers-1].Name;Unknown
[Advisors.Advisor-Bandits-1].Name;Unknown
[Advisors.Advisor-Duty-1].Name;Unknown
[Advisors.Advisor-Mutants-KolRazum].Name;Collective mind
[Advisors.Advisor-Stalkers-Wolf].Name;Wolf
[Advisors.Advisor-Stalkers-Shustriy].Name;Nimble
[Advisors.Advisor-Stalkers-Fanat].Name;Fanatic
[Advisors.Advisor-Stalkers-Bes].Name;Bes
[Advisors.Advisor-Stalkers-Urik].Name;Yurik
[Advisors.Advisor-Stalkers-Seriy].Name;Seriy
[Advisors.Advisor-Stalkers-Demon].Name;"Oleg "Friend" Gusarov"
[Advisors.Advisor-Stalkers-Upir].Name;Vampire
[Advisors.Advisor-Stalkers-Arni].Name;Arnie
[Advisors.Advisor-Stalkers-Krot].Name;Mole
[Advisors.Advisor-Stalkers-Lis].Name;Fox
[Advisors.Advisor-Stalkers-Diodor].Name;Father Diodor
[Advisors.Advisor-Stalkers-Chuchelo].Name;Scarecrow
[Advisors.Advisor-Stalkers-Provodnik].Name;Guide
[Advisors.Advisor-Stalkers-Doctor].Name;Doctor
[Advisors.Advisor-Bandits-Kaban].Name;Vasya Boar
[Advisors.Advisor-Bandits-Fraer].Name;Friar
[Advisors.Advisor-Bandits-Kocherga].Name;Poker
[Advisors.Advisor-Bandits-Babtist].Name;Baptist
[Advisors.Advisor-Bandits-Chugun].Name;Cast Iron
[Advisors.Advisor-Duty-Petrenko].Name;Colonel Petrenko
[Advisors.Advisor-Duty-Cherep].Name;Skull
[Advisors.Advisor-Duty-Ivancov].Name;Captain Ivantsov
[Advisors.Advisor-Duty-Plichko].Name;Sergeant Plichko
[Advisors.Advisor-Duty-Kizenko].Name;Sergeant Kitsenko
[Advisors.Advisor-Duty-Prapor].Name;Warrant Officer
[Advisors.Advisor-Duty-Lohmatiy].Name;Shaggy Sergei
[Advisors.Advisor-Duty-Barin].Name;Barin
[Advisors.Advisor-Duty-Pulya].Name;Bullet
[Achievements.Achiv-1].Name;Hold-up!
[Achievements.Achiv-1].Desc;New achievement unlocked! Capture the Garbage location playing as the Bandits faction on Master difficulty and hold it for 1 turn.
[Achievements.Achiv-1].Desc-Logo;Capture the Garbage location playing as the Bandits faction on Master difficulty and hold it for 1 turn.
[Achievements.Achiv-2].Name;Take Out the Trash!
[Achievements.Achiv-2].Desc;New achievement unlocked! Capture the Garbage location playing as the Duty faction on Veteran difficulty or higher and hold it for 1 turn.
[Achievements.Achiv-2].Desc-Logo;Capture the Garbage location playing as the Duty faction on Veteran difficulty or higher and hold it for 1 turn.
[Achievements.Achiv-3].Name;Demonic Mayhem!
[Achievements.Achiv-3].Desc;New achievement unlocked! Capture the Garbage location playing as the Loners faction on Experienced difficulty or higher and hold it for 1 turn.
[Achievements.Achiv-3].Desc-Logo;Capture the Garbage location playing as the Loners faction on Experienced difficulty or higher and hold it for 1 turn.
[Achievements.Achiv-4].Name;Supersonic!
[Achievements.Achiv-4].Desc;New achievement unlocked! Capture the Garbage location playing as any faction on any difficulty within 20 turns.
[Achievements.Achiv-4].Desc-Logo;Capture the Garbage location playing as any faction on any difficulty within 20 turns.
[Achievements.Achiv-5].Name;The Cleaner!
[Achievements.Achiv-5].Desc;New achievement unlocked! Adopt the Anti-Zone ideology playing as the Loners faction on Master difficulty and survive for 1 turn.
[Achievements.Achiv-5].Desc-Logo;Adopt the Anti-Zone ideology playing as the Loners faction on Master difficulty and survive for 1 turn.
[Achievements.Achiv-6].Name;Nothing but Anarchy!
[Achievements.Achiv-6].Desc;New achievement unlocked! Adopt the Anarchy ideology playing as the Loners faction on Veteran difficulty by turn 30 or earlier and survive for 1 turn.
[Achievements.Achiv-6].Desc-Logo;Adopt the Anarchy ideology playing as the Loners faction on Master difficulty by turn 30 or earlier and survive for 1 turn.
[Traders.YourGroup].Name;Your Faction Trader
[Traders.YourGroup].NeedText;You can always trade with your faction trader. Cost:
[Traders.OtherGroup].Name;Enemy Faction Trader
[Traders.OtherGroup].NeedText;To trade with other factions, first select an enemy territory on the map.
[Traders.Trader1].Name;Sidorovich
[Traders.Trader1].NeedText;Trading with him is possible only if you control the Cordon Transition territory. Cost:
[Traders.Trader2].Name;Barman
[Traders.Trader2].NeedText;Barman will be available for trading only if you control the Northern Checkpoint territory. Cost:
[StoryEvents.Event-Dump-1].Name;The Marked One continues his journey
[StoryEvents.Event-Dump-1].Desc-Owner;The stalker known as the Marked One has been spotted in our territory %0:s at location %1:s. Our garrison let him pass.
[StoryEvents.Event-Dump-1].Desc-NonOwner;Rumors say that the stalker known as the Marked One was spotted in territory %0:s at location %1:s.
[StoryEvents.Event-Dump-2].Name;The Marked One attacked the territory garrison
[StoryEvents.Event-Dump-2].Desc-Owner;Our patrols encountered the stalker known as the Marked One. We lost the engagement in territory %0:s at location %1:s... Our casualties:
[StoryEvents.Event-Dump-2].Desc-NonOwner;Rumors say that the stalker known as the Marked One was spotted in territory %0:s at location %1:s.
[StoryEvents.Event-Dump-ChangeOwner-1].Name;Territory Lost
[StoryEvents.Event-Dump-ChangeOwner-1].Desc-Owner;We have lost control of territory %0:s at location %1:s.
[StoryEvents.Event-Dump-ChangeOwner-1].Desc-NonOwner;If you see this, it's a bug in event Event-Dump-ChangeOwner-1.
[StoryEvents.Event-Dump-Advisor-1].Name;Yurik Rescued
[StoryEvents.Event-Dump-Advisor-1].Desc-Owner;Yurik is now available as a deputy candidate!
[StoryEvents.Event-Dump-Advisor-1].Desc-NonOwner;If you see this, it's a bug in event Event-Dump-Advisor-1.
[StoryEvents.Event-Dump-ChangeOwner-2].Name;Territory Lost
[StoryEvents.Event-Dump-ChangeOwner-2].Desc-Owner;If you see this, it's a bug in event Event-Cordon-ChangeOwner-2.
[StoryEvents.Event-Dump-ChangeOwner-2].Desc-NonOwner;If you see this, it's a bug in event Event-Cordon-ChangeOwner-2.
[StoryEvents.Event-Dump-AddUnit-1].Name;Technical Event
[StoryEvents.Event-Dump-AddUnit-1].Desc-Owner;If you see this, it's a bug in event Event-Dump-AddUnit-1.
[StoryEvents.Event-Dump-AddUnit-1].Desc-NonOwner;If you see this, it's a bug in event Event-Dump-AddUnit-1.
[StoryEvents.Event-Dump-3].Name;The Marked One continues his journey
[StoryEvents.Event-Dump-3].Desc-Owner;The stalker known as the Marked One has been spotted in our territory %0:s at location %1:s. Our garrison let him pass.
[StoryEvents.Event-Dump-3].Desc-NonOwner;Rumors say that the stalker known as the Marked One was spotted in territory %0:s at location %1:s.
[StoryEvents.Event-Dump-4].Name;The Marked One attacked the territory garrison
[StoryEvents.Event-Dump-4].Desc-Owner;Our patrols encountered the stalker known as the Marked One. We lost the engagement in territory %0:s at location %1:s... Our casualties:
[StoryEvents.Event-Dump-4].Desc-NonOwner;Rumors say that the stalker known as the Marked One was spotted in territory %0:s at location %1:s.
[StoryEvents.Event-Dump-5].Name;The Marked One continues his journey
[StoryEvents.Event-Dump-5].Desc-Owner;The stalker known as the Marked One has been spotted in our territory %0:s at location %1:s. Our garrison let him pass.
[StoryEvents.Event-Dump-5].Desc-NonOwner;Rumors say that the stalker known as the Marked One was spotted in territory %0:s at location %1:s.
[StoryEvents.Event-Dump-6].Name;The Marked One attacked the territory garrison
[StoryEvents.Event-Dump-6].Desc-Owner;Our patrols encountered the stalker known as the Marked One. We lost the engagement in territory %0:s at location %1:s... Our casualties:
[StoryEvents.Event-Dump-6].Desc-NonOwner;Rumors say that the stalker known as the Marked One was spotted in territory %0:s at location %1:s.
[StoryEvents.Event-Dump-7].Name;The Marked One continues his journey
[StoryEvents.Event-Dump-7].Desc-Owner;The stalker known as the Marked One has been spotted in our territory %0:s at location %1:s. Our garrison let him pass.
[StoryEvents.Event-Dump-7].Desc-NonOwner;Rumors say that the stalker known as the Marked One was spotted in territory %0:s at location %1:s.
[StoryEvents.Event-Dump-8].Name;The Marked One attacked the territory garrison
[StoryEvents.Event-Dump-8].Desc-Owner;Our patrols encountered the stalker known as the Marked One. We lost the engagement in territory %0:s at location %1:s... Our casualties:
[StoryEvents.Event-Dump-8].Desc-NonOwner;Rumors say that the stalker known as the Marked One was spotted in territory %0:s at location %1:s.
[StoryEvents.Event-Dump-9].Name;The Marked One continues his journey
[StoryEvents.Event-Dump-9].Desc-Owner;The stalker known as the Marked One has been spotted in our territory %0:s at location %1:s. Our garrison let him pass.
[StoryEvents.Event-Dump-9].Desc-NonOwner;Rumors say that the stalker known as the Marked One was spotted in territory %0:s at location %1:s.
[StoryEvents.Event-Dump-10].Name;The Marked One attacked the territory garrison
[StoryEvents.Event-Dump-10].Desc-Owner;Our patrols encountered the stalker known as the Marked One. We lost the engagement in territory %0:s at location %1:s... Our casualties:
[StoryEvents.Event-Dump-10].Desc-NonOwner;Rumors say that the stalker known as the Marked One was spotted in territory %0:s at location %1:s.
[StoryEvents.Event-Dump-11].Name;The Marked One continues his journey
[StoryEvents.Event-Dump-11].Desc-Owner;The stalker known as the Marked One has been spotted in our territory %0:s at location %1:s. Our garrison let him pass.
[StoryEvents.Event-Dump-11].Desc-NonOwner;Rumors say that the stalker known as the Marked One was spotted in territory %0:s at location %1:s.
[StoryEvents.Event-Dump-12].Name;The Marked One attacked the territory garrison
[StoryEvents.Event-Dump-12].Desc-Owner;Our patrols encountered the stalker known as the Marked One. We lost the engagement in territory %0:s at location %1:s... Our casualties:
[StoryEvents.Event-Dump-12].Desc-NonOwner;Rumors say that the stalker known as the Marked One was spotted in territory %0:s at location %1:s.
[StoryEvents.Event-Dump-13].Name;The Marked One continues his journey
[StoryEvents.Event-Dump-13].Desc-Owner;The stalker known as the Marked One has been spotted in our territory %0:s at location %1:s. Our garrison let him pass.
[StoryEvents.Event-Dump-13].Desc-NonOwner;Rumors say that the stalker known as the Marked One was spotted in territory %0:s at location %1:s.
[StoryEvents.Event-Dump-14].Name;The Marked One attacked the territory garrison
[StoryEvents.Event-Dump-14].Desc-Owner;Our patrols encountered the stalker known as the Marked One. We lost the engagement in territory %0:s at location %1:s... Our casualties:
[StoryEvents.Event-Dump-14].Desc-NonOwner;Rumors say that the stalker known as the Marked One was spotted in territory %0:s at location %1:s.
[StoryEvents.Event-Agroprom-Advisor-1].Name;Mole
[StoryEvents.Event-Agroprom-Advisor-1].Desc-Owner;Mole is now available as a deputy candidate!
[StoryEvents.Event-Agroprom-Advisor-1].Desc-NonOwner;If you see this, it's a bug in event Event-Agroprom-Advisor-1.
[StoryEvents.Event-Agroprom-Documents].Name;The Marked One continues his journey
[StoryEvents.Event-Agroprom-Documents].Desc-Owner;We received intelligence that the Marked One stole some important documents from the Military base.
[StoryEvents.Event-Agroprom-Documents].Desc-NonOwner;Rumors say that the Marked One stole some important documents from the Military base.
[StoryEvents.Event-Dump2-1].Name;The Marked One continues his journey
[StoryEvents.Event-Dump2-1].Desc-Owner;The stalker known as the Marked One has been spotted in our territory %0:s at location %1:s. Our garrison let him pass.
[StoryEvents.Event-Dump2-1].Desc-NonOwner;Rumors say that the stalker known as the Marked One was spotted in territory %0:s at location %1:s.
[StoryEvents.Event-Dump2-2].Name;The Marked One attacked the territory garrison
[StoryEvents.Event-Dump2-2].Desc-Owner;Our patrols encountered the stalker known as the Marked One. We lost the engagement in territory %0:s at location %1:s... Our casualties:
[StoryEvents.Event-Dump2-2].Desc-NonOwner;Rumors say that the stalker known as the Marked One was spotted in territory %0:s at location %1:s.
[StoryEvents.Event-Dump2-3].Name;The Marked One continues his journey
[StoryEvents.Event-Dump2-3].Desc-Owner;The stalker known as the Marked One has been spotted in our territory %0:s at location %1:s. Our garrison let him pass.
[StoryEvents.Event-Dump2-3].Desc-NonOwner;Rumors say that the stalker known as the Marked One was spotted in territory %0:s at location %1:s.
[StoryEvents.Event-Dump2-4].Name;The Marked One attacked the territory garrison
[StoryEvents.Event-Dump2-4].Desc-Owner;Our patrols encountered the stalker known as the Marked One. We lost the engagement in territory %0:s at location %1:s... Our casualties:
[StoryEvents.Event-Dump2-4].Desc-NonOwner;Rumors say that the stalker known as the Marked One was spotted in territory %0:s at location %1:s.
[StoryEvents.Event-Dump2-5].Name;The Marked One continues his journey
[StoryEvents.Event-Dump2-5].Desc-Owner;The stalker known as the Marked One has been spotted in our territory %0:s at location %1:s. Our garrison let him pass.
[StoryEvents.Event-Dump2-5].Desc-NonOwner;Rumors say that the stalker known as the Marked One was spotted in territory %0:s at location %1:s.
[StoryEvents.Event-Dump2-6].Name;The Marked One attacked the territory garrison
[StoryEvents.Event-Dump2-6].Desc-Owner;Our patrols encountered the stalker known as the Marked One. We lost the engagement in territory %0:s at location %1:s... Our casualties:
[StoryEvents.Event-Dump2-6].Desc-NonOwner;Rumors say that the stalker known as the Marked One was spotted in territory %0:s at location %1:s.
[StoryEvents.Event-Dump2-7].Name;The Marked One continues his journey
[StoryEvents.Event-Dump2-7].Desc-Owner;The stalker known as the Marked One has been spotted in our territory %0:s at location %1:s. Our garrison let him pass.
[StoryEvents.Event-Dump2-7].Desc-NonOwner;Rumors say that the stalker known as the Marked One was spotted in territory %0:s at location %1:s.
[StoryEvents.Event-Dump2-8].Name;The Marked One attacked the territory garrison
[StoryEvents.Event-Dump2-8].Desc-Owner;Our patrols encountered the stalker known as the Marked One. We lost the engagement in territory %0:s at location %1:s... Our casualties:
[StoryEvents.Event-Dump2-8].Desc-NonOwner;Rumors say that the stalker known as the Marked One was spotted in territory %0:s at location %1:s.
[StoryEvents.Event-Dump2-9].Name;The Marked One continues his journey
[StoryEvents.Event-Dump2-9].Desc-Owner;The stalker known as the Marked One has been spotted in our territory %0:s at location %1:s. Our garrison let him pass.
[StoryEvents.Event-Dump2-9].Desc-NonOwner;Rumors say that the stalker known as the Marked One was spotted in territory %0:s at location %1:s.
[StoryEvents.Event-Dump2-10].Name;The Marked One attacked the territory garrison
[StoryEvents.Event-Dump2-10].Desc-Owner;Our patrols encountered the stalker known as the Marked One. We lost the engagement in territory %0:s at location %1:s... Our casualties:
[StoryEvents.Event-Dump2-10].Desc-NonOwner;Rumors say that the stalker known as the Marked One was spotted in territory %0:s at location %1:s.
[StoryEvents.Event-Rostok-Barmen].Name;The Marked One continues his journey
[StoryEvents.Event-Rostok-Barmen].Desc-Owner;The Marked One met with Barman and is heading to Dark Valley.
[StoryEvents.Event-Rostok-Barmen].Desc-NonOwner;The Marked One met with Barman and is heading to Dark Valley.
[StoryEvents.Event-Dump3-1].Name;The Marked One continues his journey
[StoryEvents.Event-Dump3-1].Desc-Owner;The stalker known as the Marked One has been spotted in our territory %0:s at location %1:s. Our garrison let him pass.
[StoryEvents.Event-Dump3-1].Desc-NonOwner;Rumors say that the stalker known as the Marked One was spotted in territory %0:s at location %1:s.
[StoryEvents.Event-Dump3-2].Name;The Marked One attacked the territory garrison
[StoryEvents.Event-Dump3-2].Desc-Owner;Our patrols encountered the stalker known as the Marked One. We lost the engagement in territory %0:s at location %1:s... Our casualties:
[StoryEvents.Event-Dump3-2].Desc-NonOwner;Rumors say that the stalker known as the Marked One was spotted in territory %0:s at location %1:s.
[StoryEvents.Event-Dump3-3].Name;The Marked One continues his journey
[StoryEvents.Event-Dump3-3].Desc-Owner;The stalker known as the Marked One has been spotted in our territory %0:s at location %1:s. Our garrison let him pass.
[StoryEvents.Event-Dump3-3].Desc-NonOwner;Rumors say that the stalker known as the Marked One was spotted in territory %0:s at location %1:s.
[StoryEvents.Event-Dump3-4].Name;The Marked One attacked the territory garrison
[StoryEvents.Event-Dump3-4].Desc-Owner;Our patrols encountered the stalker known as the Marked One. We lost the engagement in territory %0:s at location %1:s... Our casualties:
[StoryEvents.Event-Dump3-4].Desc-NonOwner;Rumors say that the stalker known as the Marked One was spotted in territory %0:s at location %1:s.
[StoryEvents.Event-Dump3-5].Name;The Marked One continues his journey
[StoryEvents.Event-Dump3-5].Desc-Owner;The stalker known as the Marked One has been spotted in our territory %0:s at location %1:s. Our garrison let him pass.
[StoryEvents.Event-Dump3-5].Desc-NonOwner;Rumors say that the stalker known as the Marked One was spotted in territory %0:s at location %1:s.
[StoryEvents.Event-Dump3-6].Name;The Marked One attacked the territory garrison
[StoryEvents.Event-Dump3-6].Desc-Owner;Our patrols encountered the stalker known as the Marked One. We lost the engagement in territory %0:s at location %1:s... Our casualties:
[StoryEvents.Event-Dump3-6].Desc-NonOwner;Rumors say that the stalker known as the Marked One was spotted in territory %0:s at location %1:s.
[StoryEvents.Event-DarkVallery-Advisor-1].Name;Bullet
[StoryEvents.Event-DarkVallery-Advisor-1].Desc-Owner;Bullet is now available as a deputy candidate!
[StoryEvents.Event-DarkVallery-Advisor-1].Desc-NonOwner;If you see this, it's a bug in event Event-DarkVallery-Advisor-1.
[StoryEvents.Event-DarkVallery-Advisor-2].Name;Shaggy Sergey
[StoryEvents.Event-DarkVallery-Advisor-2].Desc-Owner;Shaggy Sergey is now available as a deputy candidate!
[StoryEvents.Event-DarkVallery-Advisor-2].Desc-NonOwner;If you see this, it's a bug in event Event-DarkVallery-Advisor-2.
[StoryEvents.Event-DarkVallery-ChangeLeader].Name;Death of Boar
[StoryEvents.Event-DarkVallery-ChangeLeader].Desc-Owner;"As a result of the Marked One's attack, the faction leader has been killed. Several "authorities" organized a meeting and decided to temporarily manage the faction through collective decision-making. Despite maintaining faction unity, this has led to a slight decrease in manageability."
[StoryEvents.Event-DarkVallery-ChangeLeader].Desc-NonOwner;"As a result of the Marked One's attack, the faction leader has been killed. Several "authorities" organized a meeting and decided to temporarily manage the faction through collective decision-making. Despite maintaining faction unity, this has led to a slight decrease in manageability."
[StoryEvents.Event-Cordon2-1].Name;The Marked One continues his journey
[StoryEvents.Event-Cordon2-1].Desc-Owner;We received intelligence that the Marked One has been detected on the Cordon and is moving towards location %1:s.
[StoryEvents.Event-Cordon2-1].Desc-NonOwner;Rumors say that the stalker known as the Marked One was spotted on the Cordon and is moving towards location %1:s.
[StoryEvents.Event-Dump4-1].Name;The Marked One continues his journey
[StoryEvents.Event-Dump4-1].Desc-Owner;The stalker known as the Marked One has been spotted in our territory %0:s at location %1:s. Our garrison let him pass.
[StoryEvents.Event-Dump4-1].Desc-NonOwner;Rumors say that the stalker known as the Marked One was spotted in territory %0:s at location %1:s.
[StoryEvents.Event-Dump4-2].Name;The Marked One attacked the territory garrison
[StoryEvents.Event-Dump4-2].Desc-Owner;Our patrols encountered the stalker known as the Marked One. We lost the engagement in territory %0:s at location %1:s... Our casualties:
[StoryEvents.Event-Dump4-2].Desc-NonOwner;Rumors say that the stalker known as the Marked One was spotted in territory %0:s at location %1:s.
[StoryEvents.Event-Dump4-3].Name;The Marked One continues his journey
[StoryEvents.Event-Dump4-3].Desc-Owner;The stalker known as the Marked One has been spotted in our territory %0:s at location %1:s. Our garrison let him pass.
[StoryEvents.Event-Dump4-3].Desc-NonOwner;Rumors say that the stalker known as the Marked One was spotted in territory %0:s at location %1:s.
[StoryEvents.Event-Dump4-4].Name;The Marked One attacked the territory garrison
[StoryEvents.Event-Dump4-4].Desc-Owner;Our patrols encountered the stalker known as the Marked One. We lost the engagement in territory %0:s at location %1:s... Our casualties:
[StoryEvents.Event-Dump4-4].Desc-NonOwner;Rumors say that the stalker known as the Marked One was spotted in territory %0:s at location %1:s.
[StoryEvents.Event-Dump4-5].Name;The Marked One continues his journey
[StoryEvents.Event-Dump4-5].Desc-Owner;The stalker known as the Marked One has been spotted in our territory %0:s at location %1:s. Our garrison let him pass.
[StoryEvents.Event-Dump4-5].Desc-NonOwner;Rumors say that the stalker known as the Marked One was spotted in territory %0:s at location %1:s.
[StoryEvents.Event-Dump4-6].Name;The Marked One attacked the territory garrison
[StoryEvents.Event-Dump4-6].Desc-Owner;Our patrols encountered the stalker known as the Marked One. We lost the engagement in territory %0:s at location %1:s... Our casualties:
[StoryEvents.Event-Dump4-6].Desc-NonOwner;Rumors say that the stalker known as the Marked One was spotted in territory %0:s at location %1:s.
[StoryEvents.Event-Dump4-7].Name;The Marked One continues his journey
[StoryEvents.Event-Dump4-7].Desc-Owner;The stalker known as the Marked One has been spotted in our territory %0:s at location %1:s. Our garrison let him pass.
[StoryEvents.Event-Dump4-7].Desc-NonOwner;Rumors say that the stalker known as the Marked One was spotted in territory %0:s at location %1:s.
[StoryEvents.Event-Dump4-8].Name;The Marked One attacked the territory garrison
[StoryEvents.Event-Dump4-8].Desc-Owner;Our patrols encountered the stalker known as the Marked One. We lost the engagement in territory %0:s at location %1:s... Our casualties:
[StoryEvents.Event-Dump4-8].Desc-NonOwner;Rumors say that the stalker known as the Marked One was spotted in territory %0:s at location %1:s.
[StoryEvents.Event-Dump4-9].Name;The Marked One continues his journey
[StoryEvents.Event-Dump4-9].Desc-Owner;The stalker known as the Marked One has been spotted in our territory %0:s at location %1:s. Our garrison let him pass.
[StoryEvents.Event-Dump4-9].Desc-NonOwner;Rumors say that the stalker known as the Marked One was spotted in territory %0:s at location %1:s.
[StoryEvents.Event-Dump4-10].Name;The Marked One attacked the territory garrison
[StoryEvents.Event-Dump4-10].Desc-Owner;Our patrols encountered the stalker known as the Marked One. We lost the engagement in territory %0:s at location %1:s... Our casualties:
[StoryEvents.Event-Dump4-10].Desc-NonOwner;Rumors say that the stalker known as the Marked One was spotted in territory %0:s at location %1:s.
[StoryEvents.Event-Dump4-11].Name;The Marked One continues his journey
[StoryEvents.Event-Dump4-11].Desc-Owner;The stalker known as the Marked One has been spotted in our territory %0:s at location %1:s. Our garrison let him pass.
[StoryEvents.Event-Dump4-11].Desc-NonOwner;Rumors say that the stalker known as the Marked One was spotted in territory %0:s at location %1:s.
[StoryEvents.Event-Dump4-12].Name;The Marked One attacked the territory garrison
[StoryEvents.Event-Dump4-12].Desc-Owner;Our patrols encountered the stalker known as the Marked One. We lost the engagement in territory %0:s at location %1:s... Our casualties:
[StoryEvents.Event-Dump4-12].Desc-NonOwner;Rumors say that the stalker known as the Marked One was spotted in territory %0:s at location %1:s.
[StoryEvents.Event-Rostok-PreEnd].Name;The Marked One is already at Rostok Factory!
[StoryEvents.Event-Rostok-PreEnd].Desc-Owner;The Marked One is already at another location. We don't have time to capture the location!
[StoryEvents.Event-Rostok-PreEnd].Desc-NonOwner;The Marked One is already at another location. We don't have time to capture the location!
[StoryEvents.Event-End].Name;The Marked One is at the Bar!
[StoryEvents.Event-End].Desc-Owner;Well. The Marked One will not return to location %1:s. Your faction failed to capture all territories on the location in time...
[StoryEvents.Event-End].Desc-NonOwner;The Marked One will not return to location %1:s. Your faction failed to capture all territories on the location in time...
ScenarioName;Battle for the Garbage. Shadow of Chernobyl
ScenarioDescription;This scenario has a turn limit. You must capture the entire Garbage before the Marked One travels from Dark Valley through the Cordon to Rostok Factory. Diplomacy between factions is close to canon.
ScenarioLoseDescription;Defeat conditions: lose all controlled territories or fail to meet victory conditions within approximately 57 turns.
[Groups.bandits.:main].Spy1-Name;Novice
[Groups.bandits.:main].Spy2-Name;Experienced
[Groups.bandits.:main].Spy3-Name;Veteran
[Groups.bandits.:main].Spy4-Name;Master
[Groups.bandits.:main].Name;Bandits
[Groups.bandits.:main].Description;Bandits - the criminal element of the Zone. They control several territories on the Garbage. Most controlled points are not connected to each other, leading to a series of logistical problems. They lack proper weaponry and a substantial number of capable fighters. The faction must unite its squads on the location to successfully counter other groups.
[Groups.bandits.:main].DiplomacyText-Question-War;Well, sucker, had your fun? Time to face the music! The boys are comin' for ya!
[Groups.bandits.:main].DiplomacyText-Question-Neutral;Hey-hey! Bro, chill out, yeah? Time to stop shootin' at each other, capiche?
[Groups.bandits.:main].DiplomacyText-Question-Alliance;Hey, Bro, how 'bout we team up, yeah? Y'know... shoot some guys together... and all that. Whaddya say? Deal?
[Groups.bandits.:main].DiplomacyText-Question-BreakAlliance;Nah, man, you're a real sucker, a total loser. From now on, everyone's on their own!
[Groups.bandits.:main].DiplomacyText-RequestMoney-Ask;Hey, listen up, pal, got any spare change, yeah? We could use about this much:
[Groups.bandits.:main].DiplomacyText-Ans-0-Down;Who do you think you're messin' with, tough guy? You're dead meat, ya hear?!
[Groups.bandits.:main].DiplomacyText-Ans-1-Down;Well, that's just... wow, man...
[Groups.bandits.:main].DiplomacyText-Ans-1-No;We'll find some - and cut it into strips!
[Groups.bandits.:main].DiplomacyText-Ans-1-Yes;Listen, we won't touch ya, word is bond, for real!
[Groups.bandits.:main].DiplomacyText-Ans-2-No;Nah, nah, that's totally not it, you're bluffing!
[Groups.bandits.:main].DiplomacyText-Ans-2-Yes;Hang tight, bro, everything's gonna be smooth real soon...
[Groups.bandits.:main].DiplomacyText-RequestMoney-Ans-No;Did you hit your head or somethin'? Where would we get that kind of cash! We could use some ourselves...
[Groups.bandits.:main].DiplomacyText-RequestMoney-Ans-Yes;Bro, here's the dough!
[Groups.bandits.:main].DiplomacyText-Question-Neutral-No;Bro, that was really uncalled for! Shouldn't have done that...
[Groups.bandits.:main].DiplomacyText-Question-Neutral-Yes;Hey, bro, that's what I'm talkin' about! Good job...
[Groups.bandits.:main].DiplomacyText-Question-Alliance-No;Bro, that was really uncalled for! Shouldn't have done that...
[Groups.bandits.:main].DiplomacyText-Question-Alliance-Yes;Oh, bro, excellent! Now we'll be shootin' suckers together!
[Groups.bandits.:main].Text-End-Step-Victory;You survived! Victory!
[Groups.bandits.:main].Text-End-EventFlag-Victory;Victory by event flag!
[Groups.bandits.:main].Text-End-Standart-Lose;The faction has been completely destroyed on the location. Now other factions will divide the Garbage among themselves. Defeat!
[Groups.bandits.:main].Text-End-Step-Lose;Time's up. You failed to gain control over the Garbage. Defeat!
[Groups.bandits.:main].Text-End-EventFlag-Lose;Time's up. You failed to gain control over the Garbage. Defeat!
[Groups.bandits.Anarchy].Text-End-Standart-Victory;Victory! A conflict was brewing within the faction. Squads on the Garbage held different principles than the main Bandit force and decided to form a separate faction with a convenient base in the Depot, where the Bandit faction's base once stood long ago. After Boar's death, the Bandits failed to establish centralized authority, so no one could stop the Garbage squads. But separating is one thing; holding what you've taken is another. Peace was made with Loners and Duty, but a controlled location is too juicy a prize, and the ceasefire is unlikely to last long...
[Groups.bandits.AntiZone].Text-End-Standart-Victory;Victory! A conflict was brewing within the faction. Squads on the Garbage held different principles than the main Bandit force and decided to form a separate faction with a convenient base in the Depot, where the Bandit faction's base once stood long ago. After Boar's death, the Bandits failed to establish centralized authority, so no one could stop the Garbage squads. But separating is one thing; holding what you've taken is another. Peace was made with Loners and Duty, but a controlled location is too juicy a prize. The Bandits will definitely want to reclaim the Garbage, and Loners won't stay on the sidelines either. Rumors suggest someone is even negotiating with Mercenaries to join the conflict. It's going to get "hot" on the Garbage soon...
[Groups.bandits.Control].Text-End-Standart-Victory;Victory! Squads on the Garbage soon behaved less and less like they originally did. Crime decreased significantly. A strict hierarchy was introduced. The situation was most accurately described as a "Penal Battalion". It was decided to form a separate faction with a convenient base in the Depot, where the Bandit faction's base once stood long ago. After Boar's death, the Bandits failed to establish centralized authority, so no one could stop the Garbage squads. But separating is one thing; holding what you've taken is another. Peace was made with Loners and Duty, but a controlled location is too juicy a prize. The new "boss" managed to strike a deal with the Military, so a sudden raid is unlikely, but Bandits and Loners are constantly tense...
[Groups.bandits.Crime].Text-End-Standart-Victory;Victory! The faction regained control of the Garbage, but Boar's death led to decentralized power. The Garbage was taken over by a new local "boss" who decided to gather bandits around himself with a convenient base in the Depot, where the Bandit faction's base once stood long ago. Capturing the location is one thing, holding it is another. Loners and Duty are preparing for a new battle for the Garbage...
[Groups.bandits.Crime].Text-End-Step-Lose;"Time's up. The boys say you're no "boss" at all... Defeat!"
[Groups.bandits.Exploring].Text-End-Standart-Victory;A conflict was brewing within the faction. Squads on the Garbage held different principles than the main Bandit force and decided to form a separate faction with a convenient base in the Depot, where the Bandit faction's base once stood long ago. After Boar's death, the Bandits failed to establish centralized authority, so no one could stop the Garbage squads. But separating is one thing; holding what you've taken is another. Peace was made with Loners and Duty, but a controlled location is too juicy a prize, and the ceasefire is unlikely to last long...
[Groups.bandits.Growth].Text-End-Standart-Victory;A conflict was brewing within the faction. Squads on the Garbage held different principles than the main Bandit force and decided to form a separate faction with a convenient base in the Depot, where the Bandit faction's base once stood long ago. After Boar's death, the Bandits failed to establish centralized authority, so no one could stop the Garbage squads. But separating is one thing; holding what you've taken is another. Peace was made with Loners and Duty, but a controlled location is too juicy a prize, and the ceasefire is unlikely to last long...
[Groups.bandits.Growth].Text-End-Step-Lose;"Time's up. The boys say you're no "boss" at all... Defeat!"
[Groups.bandits.Mercenary].Text-End-Standart-Victory;A conflict was brewing within the faction. Squads on the Garbage held different principles than the main Bandit force and decided to form a separate faction with a convenient base in the Depot, where the Bandit faction's base once stood long ago. After Boar's death, the Bandits failed to establish centralized authority, so no one could stop the Garbage squads. But separating is one thing; holding what you've taken is another. Peace was made with Loners and Duty, but a controlled location is too juicy a prize, and the ceasefire is unlikely to last long...
[Groups.bandits.Sectarianism].Text-End-Standart-Victory;A conflict was brewing within the faction. Squads on the Garbage held different principles than the main Bandit force and decided to form a separate faction with a convenient base in the Depot, where the Bandit faction's base once stood long ago. After Boar's death, the Bandits failed to establish centralized authority, so no one could stop the Garbage squads. But separating is one thing; holding what you've taken is another. Peace was made with Loners and Duty, but a controlled location is too juicy a prize, and the ceasefire is unlikely to last long...
[Groups.bandits.Stability].Text-End-Standart-Victory;A conflict was brewing within the faction. Squads on the Garbage held different principles than the main Bandit force and decided to form a separate faction with a convenient base in the Depot, where the Bandit faction's base once stood long ago. After Boar's death, the Bandits failed to establish centralized authority, so no one could stop the Garbage squads. But separating is one thing; holding what you've taken is another. Peace was made with Loners and Duty, but a controlled location is too juicy a prize, and the ceasefire is unlikely to last long...
[Groups.bandits.Stalkers].Text-End-Standart-Victory;A conflict was brewing within the faction. Squads on the Garbage held different principles than the main Bandit force and decided to form a separate faction with a convenient base in the Depot, where the Bandit faction's base once stood long ago. After Boar's death, the Bandits failed to establish centralized authority, so no one could stop the Garbage squads. But separating is one thing; holding what you've taken is another. Peace was made with Loners and Duty, but a controlled location is too juicy a prize, and the ceasefire is unlikely to last long...
[Groups.bandits.Unknow].Text-End-Standart-Victory;A conflict was brewing within the faction. Squads on the Garbage held different principles than the main Bandit force and decided to form a separate faction with a convenient base in the Depot, where the Bandit faction's base once stood long ago. After Boar's death, the Bandits failed to establish centralized authority, so no one could stop the Garbage squads. But separating is one thing; holding what you've taken is another. Peace was made with Loners and Duty, but a controlled location is too juicy a prize, and the ceasefire is unlikely to last long...
[Groups.bandits.Unknow].Text-End-Step-Lose;"Time's up. The boys say you're no "boss" at all... Defeat!"
[Groups.bandits.Zombie].Text-End-Standart-Victory;A conflict was brewing within the faction. Squads on the Garbage held different principles than the main Bandit force and decided to form a separate faction with a convenient base in the Depot, where the Bandit faction's base once stood long ago. After Boar's death, the Bandits failed to establish centralized authority, so no one could stop the Garbage squads. But separating is one thing; holding what you've taken is another. Peace was made with Loners and Duty, but a controlled location is too juicy a prize, and the ceasefire is unlikely to last long...
[Groups.Duty.:main].Spy1-Name;Novice
[Groups.Duty.:main].Spy2-Name;Experienced
[Groups.Duty.:main].Spy3-Name;Veteran
[Groups.Duty.:main].Spy4-Name;Master
[Groups.Duty.:main].Name;Duty
[Groups.Duty.:main].Description;Duty - the faction's goal is to protect the world from the contamination of the Zone. A fairly powerful militarized faction. They hold only a single point on the Garbage location, but possess good weaponry and a predisposition to fighting mutants, which guarantees success in capable hands.
[Groups.Duty.:main].DiplomacyText-Question-War;You and your gang are a threat to the world. Time to deal with you!
[Groups.Duty.:main].DiplomacyText-Question-Neutral;We want to establish a ceasefire with you. Do you agree?
[Groups.Duty.:main].DiplomacyText-Question-Alliance;We propose an alliance. Together we could carry out a couple of operations against our enemies. Do you agree?
[Groups.Duty.:main].DiplomacyText-Question-BreakAlliance;We will no longer cooperate!
[Groups.Duty.:main].DiplomacyText-RequestMoney-Ask;Got any spare funds? Times are tough for us. We could use about this much:
[Groups.Duty.:main].DiplomacyText-Ans-0-Down;Understood. We'll cleanse the Zone of you too!
[Groups.Duty.:main].DiplomacyText-Ans-1-Down;Pity... but if you insist, so be it.
[Groups.Duty.:main].DiplomacyText-Ans-1-No;No, we definitely won't go for that right now.
[Groups.Duty.:main].DiplomacyText-Ans-1-Yes;We hope for further cooperation.
[Groups.Duty.:main].DiplomacyText-Ans-2-No;No, we definitely won't go for that right now.
[Groups.Duty.:main].DiplomacyText-Ans-2-Yes;Ri-i-ight, excellent, we have a deal!
[Groups.Duty.:main].DiplomacyText-RequestMoney-Ans-No;No, we cannot help at the moment.
[Groups.Duty.:main].DiplomacyText-RequestMoney-Ans-Yes;Very well, we will help you.
[Groups.Duty.:main].DiplomacyText-Question-Neutral-No;Oh, what a shame you refused!
[Groups.Duty.:main].DiplomacyText-Question-Neutral-Yes;Good, that's encouraging!
[Groups.Duty.:main].DiplomacyText-Question-Alliance-No;Oh, what a shame you refused!
[Groups.Duty.:main].DiplomacyText-Question-Alliance-Yes;Good, that's encouraging!
[Groups.Duty.:main].Text-End-Step-Victory;You survived! Victory!
[Groups.Duty.:main].Text-End-EventFlag-Victory;Victory by event flag!
[Groups.Duty.:main].Text-End-Standart-Lose;The faction has been completely destroyed on the location. Now other factions will divide the Garbage among themselves. Defeat!
[Groups.Duty.:main].Text-End-Step-Lose;Time's up. You failed to gain control over the Garbage. Defeat!
[Groups.Duty.:main].Text-End-EventFlag-Lose;Time's up. You failed to gain control over the Garbage. Defeat!
[Groups.Duty.Anarchy].Text-End-Standart-Victory;Victory! The faction controls the location, but squads on the Garbage now hold different ideological views that were highly welcomed by the Freedom faction. Intelligence exchanges and trade deals have begun. Duty will certainly not tolerate such a rival in the south and will want to reclaim the location. But don't forget about Bandits and Loners, who also want to return to the Garbage...
[Groups.Duty.AntiZone].Text-End-Standart-Victory;Victory! The faction controls the location. The influx of artifacts and recruits has significantly increased, and mutants are being eradicated. Expanding into the Garbage greatly strengthened Duty and reinforced the leadership's belief that southern expansion should continue. Dark Valley is next on the agenda...
[Groups.Duty.Control].Text-End-Standart-Victory;Victory! The faction controls the location, but squads on the Garbage now hold different ideological views that favored the Military. Duty is tied up on other fronts, so this location is currently out of their focus, unlike Bandits and Loners, who will undoubtedly stage another "Battle for the Garbage"...
[Groups.Duty.Crime].Text-End-Standart-Victory;Victory! The faction controls the location, but squads on the Garbage now hold different ideological views of a criminal nature. Duty is already preparing punitive expeditions for a southern march to reclaim the location, while Bandits and Loners openly speak of an upcoming attempt to retake lost territories...
[Groups.Duty.Exploring].Text-End-Standart-Victory;Victory! The faction controls the location, but squads on the Garbage now hold different ideological views. A conflict is brewing between Duty and the Garbage squads. But don't forget about Bandits and Loners, who also want to return to the location...
[Groups.Duty.Growth].Text-End-Standart-Victory;Victory! The faction controls the location, but squads on the Garbage now hold different ideological views. A conflict is brewing between Duty and the Garbage squads. But don't forget about Bandits and Loners, who also want to return to the location...
[Groups.Duty.Mercenary].Text-End-Standart-Victory;Victory! The faction controls the location, but squads on the Garbage now hold different ideological views. A conflict is brewing between Duty and the Garbage squads. But don't forget about Bandits and Loners, who also want to return to the location...
[Groups.Duty.Sectarianism].Text-End-Standart-Victory;Victory! The faction controls the location, but squads on the Garbage now hold different ideological views. A conflict is brewing between Duty and the Garbage squads. But don't forget about Bandits and Loners, who also want to return to the location...
[Groups.Duty.Stability].Text-End-Standart-Victory;Victory! The faction controls the location, but squads on the Garbage now hold different ideological views. A conflict is brewing between Duty and the Garbage squads. But don't forget about Bandits and Loners, who also want to return to the location...
[Groups.Duty.Stalkers].Text-End-Standart-Victory;Victory! The faction controls the location, but squads on the Garbage now hold different ideological views. A conflict is brewing between Duty and the Garbage squads. But don't forget about Bandits and Loners, who also want to return to the location...
[Groups.Duty.Unknow].Text-End-Standart-Victory;Victory! The faction controls the location, but squads on the Garbage now hold different ideological views. A conflict is brewing between Duty and the Garbage squads. But don't forget about Bandits and Loners, who also want to return to the location...
[Groups.Duty.Zombie].Text-End-Standart-Victory;Victory! The faction controls the location, but squads on the Garbage now hold different ideological views. A conflict is brewing between Duty and the Garbage squads. But don't forget about Bandits and Loners, who also want to return to the location...
[Groups.stalkers.:main].Spy1-Name;Novice
[Groups.stalkers.:main].Spy2-Name;Experienced
[Groups.stalkers.:main].Spy3-Name;Veteran
[Groups.stalkers.:main].Spy4-Name;Master
[Groups.stalkers.:main].Name;Loners
[Groups.stalkers.:main].Description;A weak faction with strong potential. On the Garbage, the most influential stalker is Bes, who controls one of the key territories on the location. Gray's squad, second in influence on the Garbage, tries to protect the Depot from Bandits. If the stalkers manage to reorganize and unite, they have a chance to realize their strong potential and push other factions off the location.
[Groups.stalkers.:main].DiplomacyText-Question-War;We declare war on you!
[Groups.stalkers.:main].DiplomacyText-Question-Neutral;Time to end this bloodshed. We're ready for peace. Are you?
[Groups.stalkers.:main].DiplomacyText-Question-Alliance;We wish to form an alliance with you. Do you agree?
[Groups.stalkers.:main].DiplomacyText-Question-BreakAlliance;We are terminating the alliance!
[Groups.stalkers.:main].DiplomacyText-RequestMoney-Ask;We've hit some financial difficulties. Could use some help. We're looking for a sum like this:
[Groups.stalkers.:main].DiplomacyText-Ans-0-Down;You backstabbing rat! War it is, then!
[Groups.stalkers.:main].DiplomacyText-Ans-1-Down;So be it.
[Groups.stalkers.:main].DiplomacyText-Ans-1-No;We see no necessity for that at the moment.
[Groups.stalkers.:main].DiplomacyText-Ans-1-Yes;Yes, we agree to a ceasefire.
[Groups.stalkers.:main].DiplomacyText-Ans-2-No;We are not sure this is needed right now.
[Groups.stalkers.:main].DiplomacyText-Ans-2-Yes;Yes, we agree to cooperate.
[Groups.stalkers.:main].DiplomacyText-RequestMoney-Ans-No;Regrettably, we are not in a position to provide that amount at this time.
[Groups.stalkers.:main].DiplomacyText-RequestMoney-Ans-Yes;Alright, we will transfer that sum to you.
[Groups.stalkers.:main].DiplomacyText-Question-Neutral-No;It's a shame you refused!
[Groups.stalkers.:main].DiplomacyText-Question-Neutral-Yes;Good! We're glad you agreed!
[Groups.stalkers.:main].DiplomacyText-Question-Alliance-No;It's a shame you refused!
[Groups.stalkers.:main].DiplomacyText-Question-Alliance-Yes;Good! We're glad you agreed!
[Groups.stalkers.:main].Text-End-Step-Victory;You survived! Victory!
[Groups.stalkers.:main].Text-End-EventFlag-Victory;Victory by event flag!
[Groups.stalkers.:main].Text-End-Standart-Lose;The faction has been completely destroyed on the location. Now other factions will divide the Garbage among themselves. Defeat!
[Groups.stalkers.:main].Text-End-Step-Lose;Time's up. You failed to gain control over the Garbage. Defeat!
[Groups.stalkers.:main].Text-End-EventFlag-Lose;Time's up. You failed to gain control over the Garbage. Defeat!
[Groups.stalkers.Anarchy].Text-End-Standart-Victory;Victory! Soon, a unified stalker group on the Garbage drafted a set of rules resembling those of Freedom, but with clear differences. The focus shifted to money rather than ideology due to the heavy artifact flow and key strategic location. But Duty has already announced a march to the Garbage to remove a dangerous neighbor that openly allies with their main enemy. Rumors even speak of growing Military attention toward the Garbage. Will Freedom's support be enough when Bandits and Loners also assert their claims on the location?
[Groups.stalkers.AntiZone].Text-End-Standart-Victory;Victory! Soon, a unified stalker group on the Garbage drafted rules similar to Duty's, but with clear differences. The focus shifted to money rather than ideology due to the heavy artifact flow and key strategic location. But Bandits have already announced a march to the Garbage to reclaim their "golden vein". Rumors even speak of growing Mercenary attention toward the Garbage. Will Duty's support be enough when Loners also assert their claims on the location?
[Groups.stalkers.Control].Text-End-Standart-Victory;Victory! Soon, a unified stalker group on the Garbage began to resemble a private military company. Ranks, strict hierarchy, and the presence of Military personnel led to access restrictions for other groups, including regular stalkers. Duty dislikes the situation but takes no action. Meanwhile, Loners and Bandits refuse to accept the loss of key routes and have already announced upcoming raids on the location. A new "Battle for the Garbage" is coming...
[Groups.stalkers.Crime].Text-End-Standart-Victory;Victory! Soon, a unified stalker group on the Garbage fractured due to a power struggle. Several shootouts resulted in casualties and a stalker exodus from the location, with remnants turning fully to crime and banditry. Duty and Loners have already announced they will bring order to the Garbage. Another "Battle for the Garbage" is coming...
[Groups.stalkers.Exploring].Text-End-Standart-Victory;Victory! Soon, a unified stalker group on the Garbage drafted rules resembling those of the Scientists, but with clear differences. The focus shifted to money rather than ideology due to the heavy artifact flow and key strategic location. But Mercenaries have already announced a march to the Garbage to claim the "golden vein". Rumors even speak of growing Freedom attention toward the Garbage. What can help when Bandits, despite Boar's death, also assert their claims on the location?
[Groups.stalkers.Growth].Text-End-Standart-Victory;Victory! Soon, free stalkers established a rule: no more factions on the Garbage, and anyone turning to banditry will be handed over to the Military at the Cordon. The Zone became open for study to all willing. And less dangerous.
[Groups.stalkers.Mercenary].Text-End-Standart-Victory;Victory! Soon, a unified stalker group on the Garbage drafted rules resembling those of the Mercenaries. But the Military has already announced a raid on the Garbage to destroy the newly growing faction. Rumors even speak of growing Freedom attention toward the Garbage. What can help when Bandits, despite Boar's death, also assert their claims on the location?
[Groups.stalkers.Sectarianism].Text-End-Standart-Victory;Victory! Soon, a unified stalker group on the Garbage drafted rules most commonly found in cults. But Duty has already announced a raid on the Garbage to destroy the newly growing faction. Rumors even speak of growing Military attention toward the Garbage. What can help when Bandits and Loners also assert their claims on the location?
[Groups.stalkers.Stability].Text-End-Standart-Victory;Victory! Soon, a unified stalker group on the Garbage drafted rules resembling those of the long-forgotten "Clear Sky". But Bandits, despite Boar's death, have already announced a raid on the Garbage to reclaim the "golden vein". Rumors even speak of growing Military attention toward the Garbage. What can help when Bandits and Loners also assert their claims on the location?
[Groups.stalkers.Stalkers].Text-End-Standart-Victory;Victory! Soon, a unified stalker group on the Garbage fractured due to a power struggle. Several shootouts resulted in casualties and a stalker exodus from the location, which Bandits and Duty immediately exploited, announcing their interests in the Garbage...
[Groups.stalkers.Unknow].Text-End-Standart-Victory;Victory! Soon, free stalkers established a rule: no more factions on the Garbage, and anyone turning to banditry will be handed over to the Military at the Cordon. The Zone became open for study to all willing. And less dangerous.
[Groups.stalkers.Zombie].Text-End-Standart-Victory;Victory! Now the C-Consciousness is safe. Soon psi-emission covered the entire Garbage thanks to an increased number of emitters. Even the Cordon became dangerous. Although the government did not let mutants out of the Zone, it no longer tried to reclaim it...